{
    "kanji": "且",
    "grade": 8,
    "jlpt": 1,
    "frequency": null,
    "meanings": [
        "moreover",
        "also",
        "furthermore"
    ],
    "kun": [
        "か.つ"
    ],
    "on": [
        "ショ",
        "ソ",
        "ショウ"
    ],
    "strokes": [
        [
            "M",
            0.30963302752293576,
            0.18229357798165138,
            "c",
            0.006880733944954129,
            0.00963302752293578,
            0.011467889908256881,
            0.021100917431192658,
            0.011467889908256881,
            0.030825688073394496,
            "c",
            0,
            0.04376146788990825,
            0.002752293577981651,
            0.575137614678899,
            0.001926605504587156,
            0.5959633027522935
        ],
        [
            "M",
            0.33,
            0.1998165137614679,
            "c",
            0.02724770642201835,
            -0.0010091743119266055,
            0.27908256880733945,
            -0.027798165137614676,
            0.29926605504587156,
            -0.029357798165137616,
            "c",
            0.0363302752293578,
            -0.0028440366972477065,
            0.04559633027522936,
            0.006146788990825688,
            0.04559633027522936,
            0.046330275229357794,
            "c",
            0,
            0.013853211009174311,
            -0.0005504587155963302,
            0.37504587155963304,
            -0.0005504587155963302,
            0.5642201834862385
        ],
        [
            "M",
            0.33321100917431196,
            0.39669724770642206,
            "c",
            0.09293577981651377,
            -0.009357798165137614,
            0.2471559633027523,
            -0.020366972477064222,
            0.3288073394495413,
            -0.02330275229357798
        ],
        [
            "M",
            0.3341284403669725,
            0.5963302752293578,
            "c",
            0.08100917431192661,
            -0.006880733944954129,
            0.24504587155963303,
            -0.021009174311926605,
            0.32899082568807336,
            -0.02146788990825688
        ],
        [
            "M",
            0.1471559633027523,
            0.821651376146789,
            "c",
            0.03018348623853211,
            0.008899082568807339,
            0.0653211009174312,
            0.005871559633027523,
            0.09605504587155964,
            0.0037614678899082566,
            "C",
            0.3769724770642202,
            0.8165137614678899,
            0.5848623853211009,
            0.8027522935779816,
            0.7763302752293578,
            0.796605504587156,
            "c",
            0.030642201834862385,
            -0.0010091743119266055,
            0.061467889908256884,
            0.00045871559633027525,
            0.0918348623853211,
            0.005871559633027523
        ]
    ],
    "words": [
        {
            "word": [
                [
                    "且",
                    "か"
                ],
                [
                    "つ",
                    null
                ]
            ],
            "common": true,
            "jlpt": 1,
            "meanings": [
                {
                    "type": "Conjunction, Adverb (fukushi)",
                    "meaning": "1. and; moreover; besides; as well as; and on top of that; at the same time Usually written using kana alone"
                },
                {
                    "type": "Other forms",
                    "meaning": "且 【かつ】"
                },
                {
                    "type": "Conjunction, Adverb (fukushi)",
                    "meaning": "1. and; moreover; besides; as well as; and on top of that; at the same time Usually written using kana alone"
                },
                {
                    "type": "Other forms",
                    "meaning": "且 【かつ】"
                }
            ],
            "sentences": []
        },
        {
            "word": [
                [
                    "且",
                    "か"
                ],
                [
                    "つ",
                    null
                ],
                [
                    "又",
                    "また"
                ]
            ],
            "common": false,
            "jlpt": null,
            "meanings": [
                {
                    "type": "Conjunction",
                    "meaning": "1. besides; furthermore; moreover Usually written using kana alone"
                },
                {
                    "type": "Other forms",
                    "meaning": "且又 【かつまた】"
                },
                {
                    "type": "Conjunction",
                    "meaning": "1. besides; furthermore; moreover Usually written using kana alone"
                },
                {
                    "type": "Other forms",
                    "meaning": "且又 【かつまた】"
                }
            ],
            "sentences": []
        },
        {
            "word": [
                "且",
                "かつ"
            ],
            "common": false,
            "jlpt": null,
            "meanings": [
                {
                    "type": "Family or surname, Given name, gender not specified",
                    "meaning": "1. Katsu "
                }
            ],
            "sentences": []
        },
        {
            "word": [
                "且",
                "すすむ"
            ],
            "common": false,
            "jlpt": null,
            "meanings": [
                {
                    "type": "Given name, gender not specified",
                    "meaning": "1. Susumu "
                }
            ],
            "sentences": []
        },
        {
            "word": [
                "且",
                "だん"
            ],
            "common": false,
            "jlpt": null,
            "meanings": [
                {
                    "type": "Family or surname",
                    "meaning": "1. Dan "
                }
            ],
            "sentences": []
        },
        {
            "word": [
                [
                    "尚",
                    "なお"
                ],
                [
                    "且",
                    "か"
                ],
                [
                    "つ",
                    null
                ]
            ],
            "common": true,
            "jlpt": null,
            "meanings": [
                {
                    "type": "Adverb (fukushi)",
                    "meaning": "1. besides; furthermore; on top of that Usually written using kana alone"
                },
                {
                    "type": "Adverb (fukushi)",
                    "meaning": "2. and yet; nevertheless; even so Usually written using kana alone"
                },
                {
                    "type": "Other forms",
                    "meaning": "尚かつ 【なおかつ】、なお且つ 【なおかつ】"
                }
            ],
            "sentences": []
        },
        {
            "word": [
                [
                    "暫",
                    "ざん"
                ],
                [
                    "且",
                    "しょ"
                ]
            ],
            "common": false,
            "jlpt": null,
            "meanings": [
                {
                    "type": "Noun",
                    "meaning": "1. short while Obsolete term, See also 暫時"
                }
            ],
            "sentences": []
        },
        {
            "word": [
                [
                    "仮",
                    "かり"
                ],
                [
                    "初",
                    "そ"
                ],
                [
                    "め",
                    null
                ]
            ],
            "common": false,
            "jlpt": null,