{
    "kanji": "丙",
    "grade": 8,
    "jlpt": 1,
    "frequency": null,
    "meanings": [
        "third class",
        "3rd",
        "3rd calendar sign"
    ],
    "kun": [
        "ひのえ"
    ],
    "on": [
        "ヘイ"
    ],
    "strokes": [
        [
            "M",
            0.20073394495412844,
            0.19853211009174312,
            "c",
            0.027889908256880733,
            0.010183486238532111,
            0.06302752293577982,
            0.006697247706422018,
            0.09174311926605505,
            0.003669724770642202,
            "c",
            0.09816513761467889,
            -0.010642201834862385,
            0.3226605504587156,
            -0.0326605504587156,
            0.4391743119266055,
            -0.0363302752293578,
            "c",
            0.02614678899082569,
            -0.0008256880733944953,
            0.052477064220183486,
            0.0005504587155963302,
            0.07825688073394495,
            0.006146788990825688
        ],
        [
            "M",
            0.19660550458715595,
            0.3973394495412844,
            "c",
            0.006513761467889908,
            0.007247706422018349,
            0.012293577981651376,
            0.02238532110091743,
            0.013211009174311925,
            0.035596330275229356,
            "c",
            0.0034862385321100917,
            0.048348623853211,
            0.010091743119266056,
            0.23256880733944957,
            0.013211009174311925,
            0.3318348623853211,
            "c",
            0.0011009174311926604,
            0.03394495412844037,
            0.0017431192660550458,
            0.05788990825688073,
            0.0017431192660550458,
            0.06311926605504586
        ],
        [
            "M",
            0.21541284403669725,
            0.4177981651376147,
            "C",
            0.3313761467889908,
            0.4036697247706422,
            0.643302752293578,
            0.3669724770642202,
            0.7671559633027524,
            0.3587155963302752,
            "c",
            0.036788990825688074,
            -0.002477064220183486,
            0.05853211009174312,
            0.017431192660550456,
            0.05688073394495413,
            0.06330275229357799,
            "c",
            -0.0039449541284403665,
            0.10559633027522936,
            -0.028073394495412844,
            0.28211009174311924,
            -0.05532110091743119,
            0.3734862385321101,
            "c",
            -0.020458715596330276,
            0.06871559633027523,
            -0.043944954128440364,
            0.03706422018348624,
            -0.06853211009174312,
            0.0029357798165137615
        ],
        [
            "M",
            0.47532110091743124,
            0.20220183486238533,
            "c",
            0.011559633027522935,
            0.011559633027522935,
            0.014587155963302753,
            0.023761467889908256,
            0.015596330275229357,
            0.041009174311926605,
            "C",
            0.5011009174311927,
            0.41853211009174307,
            0.463302752293578,
            0.5779816513761468,
            0.2958715596330275,
            0.6674311926605505
        ],
        [
            "M",
            0.5176146788990826,
            0.4846788990825688,
            "C",
            0.5768807339449542,
            0.5194495412844037,
            0.6513761467889908,
            0.5814678899082569,
            0.6893577981651376,
            0.6401834862385322
        ]
    ],
    "words": [
        {
            "word": [
                [
                    "丙",
                    "へい"
                ]
            ],
            "common": false,
            "jlpt": null,
            "meanings": [
                {
                    "type": "Noun",
                    "meaning": "1. third rank; third class; third person (in a contract, etc.) Only applies to へい, See also 甲乙丙丁"
                },
                {
                    "type": "Noun",
                    "meaning": "2. third sign of the Chinese calendar esp. ひのえ"
                },
                {
                    "type": "Place",
                    "meaning": "3. Hei "
                },
                {
                    "type": "Other forms",
                    "meaning": "丙 【ひのえ】"
                },
                {
                    "type": "Noun",
                    "meaning": "1. third rank; third class; third person (in a contract, etc.) Only applies to へい, See also 甲乙丙丁"
                },
                {
                    "type": "Noun",
                    "meaning": "2. third sign of the Chinese calendar esp. ひのえ"
                },
                {
                    "type": "Place",
                    "meaning": "3. Hei "
                },
                {
                    "type": "Other forms",
                    "meaning": "丙 【ひのえ】"
                }
            ],
            "sentences": []
        },
        {
            "word": [
                [
                    "丙",
                    "ひのえ"
                ],
                [
                    "午",
                    "うま"
                ]
            ],
            "common": false,
            "jlpt": null,
            "meanings": [
                {
                    "type": "Noun",
                    "meaning": "1. Fire Horse (43rd term of the sexagenary cycle, e.g. 1906, 1966, 2026) See also 干支"
                },
                {
                    "type": "Wikipedia definition",
                    "meaning": "2. Bingwu Bingwu (丙午) is the 43rd combination of the sexagenary cyc... Read more"
                },
                {
                    "type": "Other forms",
                    "meaning": "丙午 【へいご】"
                },
                {
                    "type": "Noun",
                    "meaning": "1. Fire Horse (43rd term of the sexagenary cycle, e.g. 1906, 1966, 2026) See also 干支"
                },
                {
                    "type": "Wikipedia definition",
                    "meaning": "2. Bingwu Bingwu (丙午) is the 43rd combination of the sexagenary cyc... Read more"
                },
                {
                    "type": "Other forms",
                    "meaning": "丙午 【へいご】"
                }
            ],
            "sentences": []
        },
        {
            "word": [
                [
                    "丙",
                    "ひのえ"
                ],
                [
                    "戌",
                    "いぬ"
                ]
            ],
            "common": false,
            "jlpt": null,
            "meanings": [
                {
                    "type": "Noun",
                    "meaning": "1. Fire Dog (23rd term of the sexagenary cycle, e.g. 1946, 2006, 2066) See also 干支"
                },
                {
                    "type": "Other forms",
                    "meaning": "丙戌 【へいじゅつ】"
                },
                {
                    "type": "Noun",
                    "meaning": "1. Fire Dog (23rd term of the sexagenary cycle, e.g. 1946, 2006, 2066) See also 干支"
                },
                {
                    "type": "Other forms",
                    "meaning": "丙戌 【へいじゅつ】"
                }
            ],
            "sentences": []
        },
        {
            "word": [
                [
                    "丙",
                    "ひのえ"
                ],
                [
                    "申",
                    "さる"
                ]
            ],
            "common": false,
            "jlpt": null,
            "meanings": [
                {
                    "type": "Noun",
                    "meaning": "1. Fire Monkey (33rd term of the sexagenary cycle, e.g. 1956, 2016, 2076) See also 干支"
                },
                {
                    "type": "Other forms",