{
    "kanji": "倣",
    "grade": 8,
    "jlpt": 1,
    "frequency": 2454,
    "meanings": [
        "emulate",
        "imitate"
    ],
    "kun": [
        "なら.う"
    ],
    "on": [
        "ホウ"
    ],
    "strokes": [
        [
            "M",
            0.2547706422018349,
            0.13889908256880734,
            "c",
            0.0010091743119266055,
            0.009541284403669725,
            0.00045871559633027525,
            0.019541284403669725,
            -0.003119266055045872,
            0.031009174311926603,
            "c",
            -0.023394495412844035,
            0.07321100917431193,
            -0.08366972477064219,
            0.2108256880733945,
            -0.15935779816513762,
            0.3114678899082569
        ],
        [
            "M",
            0.19752293577981653,
            0.3532110091743119,
            "c",
            0.005412844036697248,
            0.005596330275229358,
            0.006972477064220183,
            0.018073394495412842,
            0.006972477064220183,
            0.02963302752293578,
            "c",
            0,
            0.0961467889908257,
            -0.0002752293577981651,
            0.2999082568807339,
            -0.0003669724770642202,
            0.4176146788990826,
            "c",
            0,
            0.02853211009174312,
            0,
            0.05201834862385321,
            0,
            0.06770642201834862
        ],
        [
            "M",
            0.43844036697247707,
            0.11926605504587157,
            "c",
            0.01128440366972477,
            0.01128440366972477,
            0.015412844036697248,
            0.024862385321100917,
            0.015412844036697248,
            0.035871559633027524,
            "c",
            0,
            0.02834862385321101,
            -0.0009174311926605505,
            0.07357798165137615,
            -0.0009174311926605505,
            0.10972477064220185
        ],
        [
            "M",
            0.2877064220183486,
            0.3015596330275229,
            "c",
            0.01889908256880734,
            0.0016513761467889907,
            0.03311926605504587,
            0.0034862385321100917,
            0.051834862385321104,
            -0.0007339449541284404,
            "c",
            0.06935779816513761,
            -0.015596330275229357,
            0.13596330275229357,
            -0.027706422018348623,
            0.19155963302752294,
            -0.037706422018348625,
            "c",
            0.016788990825688074,
            -0.003027522935779817,
            0.032018348623853214,
            -0.006238532110091744,
            0.04954128440366973,
            -0.0005504587155963302
        ],
        [
            "M",
            0.421743119266055,
            0.4151376146788991,
            "c",
            0.028990825688073395,
            0.005688073394495413,
            0.0736697247706422,
            0.013761467889908258,
            0.09027522935779816,
            0.01889908256880734,
            "c",
            0.024587155963302753,
            0.0076146788990825685,
            0.03238532110091743,
            0.028440366972477066,
            0.03,
            0.051559633027522936,
            "c",
            -0.007522935779816513,
            0.07449541284403668,
            -0.06091743119266055,
            0.24412844036697248,
            -0.09568807339449541,
            0.2913761467889908,
            "c",
            -0.036513761467889906,
            0.049724770642201835,
            -0.057798165137614675,
            0.0022935779816513763,
            -0.06816513761467889,
            -0.004954128440366972
        ],
        [
            "M",
            0.42853211009174313,
            0.31422018348623854,
            "c",
            0.004954128440366972,
            0.011467889908256881,
            0.004862385321100918,
            0.02165137614678899,
            0.0014678899082568807,
            0.034403669724770644,
            "c",
            -0.02743119266055046,
            0.10321100917431193,
            -0.06642201834862385,
            0.2328440366972477,
            -0.15238532110091743,
            0.3532110091743119
        ],
        [
            "M",
            0.6739449541284404,
            0.1343119266055046,
            "c",
            0.0002752293577981651,
            0.006513761467889908,
            0.0016513761467889907,
            0.017064220183486238,
            -0.0005504587155963302,
            0.026055045871559632,
            "c",
            -0.014220183486238533,
            0.0571559633027523,
            -0.04623853211009174,
            0.16761467889908258,
            -0.0955045871559633,
            0.246697247706422
        ],
        [
            "M",
            0.648348623853211,
            0.32174311926605503,
            "c",
            0.013394495412844036,
            0.0016513761467889907,
            0.03036697247706422,
            0.0003669724770642202,
            0.03981651376146789,
            -0.0011926605504587156,
            "c",
            0.04715596330275229,
            -0.0077981651376146785,
            0.11110091743119266,
            -0.026972477064220183,
            0.1559633027522936,
            -0.038623853211009175,
            "c",
            0.012018348623853212,
            -0.003119266055045872,
            0.027339449541284404,
            -0.006697247706422018,
            0.04357798165137615,
            -0.002752293577981651
        ],
        [
            "M",
            0.7902752293577981,
            0.34981651376146794,
            "c",
            0.004128440366972477,
            0.012110091743119267,
            0.006330275229357797,
            0.020825688073394497,
            0.0021100917431192663,
            0.04293577981651376,
            "c",
            -0.03908256880733945,
            0.20137614678899082,
            -0.1191743119266055,
            0.3618348623853211,
            -0.25688073394495414,
            0.446697247706422
        ],
        [
            "M",
            0.6044036697247706,
            0.4612844036697248,
            "c",
            0.02981651376146789,
            0.011192660550458715,
            0.13073394495412843,
            0.20155963302752292,
            0.20706422018348625,
            0.31293577981651377,
            "c",
            0.014495412844036697,
            0.021192660550458715,
            0.03293577981651376,
            0.04211009174311926,
            0.05321100917431192,
            0.05798165137614679
        ]
    ],
    "words": [
        {
            "word": [
                [
                    "倣",
                    "なら"
                ],
                [
                    "う",
                    null
                ]
            ],
            "common": true,
            "jlpt": 2,
            "meanings": [
                {
                    "type": "Godan verb with 'u' ending, Intransitive verb",
                    "meaning": "1. to imitate; to follow; to copy; to emulate Usually written using kana alone"
                },
                {
                    "type": "Other forms",
                    "meaning": "傚う 【ならう】、慣らう 【ならう】"
                },
                {
                    "type": "Notes",
                    "meaning": "傚う: Rarely-used kanji form. 慣らう: Rarely-used kanji form."
                },
                {
                    "type": "Godan verb with 'u' ending, Intransitive verb",
                    "meaning": "1. to imitate; to follow; to copy; to emulate Usually written using kana alone"
                },
                {
                    "type": "Other forms",
                    "meaning": "傚う 【ならう】、慣らう 【ならう】"
                },
                {
                    "type": "Notes",