{
    "kanji": "倹",
    "grade": 8,
    "jlpt": 1,
    "frequency": 2479,
    "meanings": [
        "frugal",
        "economy",
        "thrifty"
    ],
    "kun": [
        "つま.しい",
        "つづまやか"
    ],
    "on": [
        "ケン"
    ],
    "strokes": [
        [
            "M",
            0.3165137614678899,
            0.1536697247706422,
            "c",
            0.0021100917431192663,
            0.019357798165137614,
            -0.0005504587155963302,
            0.033211009174311926,
            -0.007522935779816513,
            0.04981651376146789,
            "C",
            0.264954128440367,
            0.30917431192660555,
            0.19834862385321103,
            0.4368807339449541,
            0.10091743119266056,
            0.5508256880733945
        ],
        [
            "M",
            0.2296330275229358,
            0.3922018348623853,
            "c",
            0.007889908256880733,
            0.007889908256880733,
            0.011559633027522935,
            0.020366972477064222,
            0.011559633027522935,
            0.031926605504587154,
            "c",
            0,
            0.0944954128440367,
            0.0001834862385321101,
            0.25596330275229356,
            0.0001834862385321101,
            0.38321100917431195,
            "c",
            0,
            0.02926605504587156,
            -0.0005504587155963302,
            0.05385321100917431,
            -0.0005504587155963302,
            0.07110091743119266
        ],
        [
            "M",
            0.558256880733945,
            0.12155963302752294,
            "c",
            0.0025688073394495416,
            0.009174311926605505,
            -0.0009174311926605505,
            0.02073394495412844,
            -0.006055045871559634,
            0.03128440366972477,
            "c",
            -0.029724770642201838,
            0.06174311926605505,
            -0.10495412844036697,
            0.18412844036697248,
            -0.23844036697247706,
            0.2999082568807339
        ],
        [
            "M",
            0.5688073394495413,
            0.15825688073394495,
            "c",
            0.03688073394495413,
            0.03495412844036697,
            0.1420183486238532,
            0.13743119266055046,
            0.20944954128440366,
            0.1956880733944954,
            "c",
            0.01798165137614679,
            0.015596330275229357,
            0.05431192660550459,
            0.042844036697247706,
            0.07770642201834863,
            0.05477064220183486
        ],
        [
            "M",
            0.4475229357798165,
            0.3907339449541285,
            "c",
            0.01926605504587156,
            0.0025688073394495416,
            0.03834862385321101,
            0.0001834862385321101,
            0.05229357798165138,
            -0.002018348623853211,
            "c",
            0.039174311926605504,
            -0.006238532110091744,
            0.10036697247706422,
            -0.022477064220183487,
            0.15394495412844036,
            -0.028990825688073395,
            "c",
            0.012110091743119267,
            -0.0014678899082568807,
            0.032018348623853214,
            -0.003027522935779817,
            0.045871559633027525,
            0.0002752293577981651
        ],
        [
            "M",
            0.39614678899082567,
            0.4970642201834862,
            "c",
            0.006972477064220183,
            0.006972477064220183,
            0.012110091743119267,
            0.015504587155963302,
            0.014495412844036697,
            0.025412844036697246,
            "c",
            0.011009174311926604,
            0.04651376146788991,
            0.01073394495412844,
            0.06036697247706422,
            0.016788990825688074,
            0.09926605504587156,
            "c",
            0.002201834862385321,
            0.014128440366972478,
            0.0045871559633027525,
            0.02944954128440367,
            0.007339449541284404,
            0.047339449541284405
        ],
        [
            "M",
            0.41431192660550453,
            0.5120183486238532,
            "c",
            0.08834862385321102,
            -0.01128440366972477,
            0.23073394495412844,
            -0.031376146788990825,
            0.29541284403669726,
            -0.03844036697247707,
            "c",
            0.03220183486238532,
            -0.003577981651376147,
            0.051834862385321104,
            0.004036697247706422,
            0.04155963302752294,
            0.039266055045871565,
            "c",
            -0.00944954128440367,
            0.0326605504587156,
            -0.019357798165137614,
            0.06357798165137614,
            -0.030917431192660553,
            0.09972477064220182
        ],
        [
            "M",
            0.43880733944954126,
            0.6491743119266056,
            "c",
            0.04954128440366973,
            -0.004036697247706422,
            0.18229357798165138,
            -0.020642201834862386,
            0.2677981651376147,
            -0.028165137614678898,
            "c",
            0.017522935779816513,
            -0.001559633027522936,
            0.03330275229357798,
            -0.002752293577981651,
            0.04614678899082569,
            -0.003577981651376147
        ],
        [
            "M",
            0.5714678899082569,
            0.4043119266055046,
            "c",
            0.008073394495412844,
            0.008073394495412844,
            0.009724770642201836,
            0.021009174311926605,
            0.010183486238532111,
            0.038073394495412846,
            "C",
            0.5871559633027523,
            0.6524770642201835,
            0.5596330275229358,
            0.7741284403669725,
            0.35091743119266056,
            0.8830275229357798
        ],
        [
            "M",
            0.591743119266055,
            0.6470642201834862,
            "c",
            0.03669724770642202,
            0.03871559633027523,
            0.11935779816513761,
            0.11697247706422019,
            0.18853211009174312,
            0.1734862385321101,
            "c",
            0.026238532110091743,
            0.021376146788990826,
            0.04541284403669725,
            0.03495412844036697,
            0.06944954128440367,
            0.04761467889908257
        ]
    ],
    "words": [
        {
            "word": [
                [
                    "倹",
                    "けん"
                ]
            ],
            "common": false,
            "jlpt": null,
            "meanings": [
                {
                    "type": "Noun",
                    "meaning": "1. economizing; thriftiness; prudence; frugality "
                },
                {
                    "type": "Noun",
                    "meaning": "1. economizing; thriftiness; prudence; frugality "
                }
            ],
            "sentences": []
        },
        {
            "word": [
                [
                    "倹",
                    "けん"
                ],
                [
                    "約",
                    "やく"
                ]
            ],
            "common": true,
            "jlpt": 1,
            "meanings": [
                {
                    "type": "Noun, Suru verb, Transitive verb, Na-adjective (keiyodoshi)",
                    "meaning": "1. thrift; economy; frugality "
                },
                {
                    "type": "Noun, Suru verb, Transitive verb, Na-adjective (keiyodoshi)",
                    "meaning": "1. thrift; economy; frugality "
                }
            ],