{
    "kanji": "冶",
    "grade": 8,
    "jlpt": 1,
    "frequency": null,
    "meanings": [
        "melting",
        "smelting"
    ],
    "kun": [
        "い.る"
    ],
    "on": [
        "ヤ"
    ],
    "strokes": [
        [
            "M",
            0.17357798165137617,
            0.20871559633027523,
            "c",
            0.041834862385321095,
            0.018073394495412842,
            0.10807339449541284,
            0.07431192660550458,
            0.11853211009174312,
            0.10238532110091743
        ],
        [
            "M",
            0.13055045871559634,
            0.7774311926605504,
            "c",
            0.016238532110091745,
            0.00926605504587156,
            0.028440366972477066,
            0.0022935779816513763,
            0.03889908256880734,
            -0.013761467889908258,
            "c",
            0.05504587155963303,
            -0.08449541284403671,
            0.07137614678899083,
            -0.11348623853211008,
            0.12201834862385322,
            -0.2025688073394495
        ],
        [
            "M",
            0.6030275229357799,
            0.1444954128440367,
            "c",
            0.003669724770642202,
            0.013761467889908258,
            0.003669724770642202,
            0.028256880733944955,
            -0.006513761467889908,
            0.04513761467889908,
            "c",
            -0.05064220183486238,
            0.08440366972477063,
            -0.10339449541284404,
            0.17045871559633025,
            -0.155045871559633,
            0.24403669724770644,
            "c",
            -0.025412844036697246,
            0.0363302752293578,
            -0.02073394495412844,
            0.04302752293577982,
            0.019908256880733943,
            0.034770642201834866,
            "c",
            0.1051376146788991,
            -0.02128440366972477,
            0.18908256880733945,
            -0.03788990825688073,
            0.3322018348623853,
            -0.06605504587155964
        ],
        [
            "M",
            0.726697247706422,
            0.2988073394495413,
            "C",
            0.7745871559633029,
            0.33064220183486237,
            0.8504587155963304,
            0.42963302752293575,
            0.8623853211009175,
            0.47908256880733946
        ],
        [
            "M",
            0.4426605504587156,
            0.5860550458715597,
            "c",
            0.008623853211009174,
            0.008623853211009174,
            0.013761467889908258,
            0.01944954128440367,
            0.015871559633027523,
            0.0344954128440367,
            "c",
            0.008807339449541284,
            0.06192660550458716,
            0.015229357798165137,
            0.12357798165137615,
            0.0218348623853211,
            0.18110091743119264,
            "c",
            0.001834862385321101,
            0.016055045871559634,
            0.003669724770642202,
            0.031743119266055046,
            0.005596330275229358,
            0.04697247706422018
        ],
        [
            "M",
            0.463394495412844,
            0.6058715596330276,
            "c",
            0.12146788990825688,
            -0.015321100917431192,
            0.2296330275229358,
            -0.024128440366972478,
            0.30027522935779816,
            -0.0326605504587156,
            "c",
            0.03293577981651376,
            -0.004036697247706422,
            0.053944954128440366,
            0.00926605504587156,
            0.044954128440366975,
            0.04385321100917432,
            "c",
            -0.014862385321100919,
            0.0571559633027523,
            -0.025779816513761468,
            0.10990825688073395,
            -0.040458715596330276,
            0.18137614678899083
        ],
        [
            "M",
            0.49926605504587157,
            0.8264220183486238,
            "c",
            0.07596330275229357,
            -0.005045871559633028,
            0.15000000000000002,
            -0.010275229357798166,
            0.2426605504587156,
            -0.015688073394495412,
            "c",
            0.017155963302752295,
            -0.0010091743119266055,
            0.03495412844036697,
            -0.002018348623853211,
            0.05348623853211009,
            -0.003027522935779817
        ]
    ],
    "words": [
        {
            "word": [
                [
                    "冶",
                    "や"
                ]
            ],
            "common": false,
            "jlpt": null,
            "meanings": [
                {
                    "type": "Noun",
                    "meaning": "1. melting "
                },
                {
                    "type": "Noun",
                    "meaning": "1. melting "
                }
            ],
            "sentences": []
        },
        {
            "word": [
                [
                    "冶",
                    "や"
                ],
                [
                    "金",
                    "きん"
                ]
            ],
            "common": false,
            "jlpt": null,
            "meanings": [
                {
                    "type": "Noun",
                    "meaning": "1. metallurgy "
                },
                {
                    "type": "Noun",
                    "meaning": "1. metallurgy "
                }
            ],
            "sentences": []
        },
        {
            "word": [
                [
                    "治",
                    null
                ],
                [
                    "具",
                    null
                ]
            ],
            "common": false,
            "jlpt": null,
            "meanings": [
                {
                    "type": "Noun",
                    "meaning": "1. jig (tool) Usually written using kana alone"
                },
                {
                    "type": "Wikipedia definition",
                    "meaning": "2. Jig (tool) In metalworking and woodworking, a jig is a type of tool ... Read more"
                },
                {
                    "type": "Other forms",
                    "meaning": "冶具 【ジグ】"
                },
                {
                    "type": "Notes",
                    "meaning": "治具: Ateji (phonetic) reading. 冶具: Ateji (phonetic) reading, Irregular kanji usage."
                },
                {
                    "type": "Noun",
                    "meaning": "1. jig (tool) Usually written using kana alone"
                },
                {
                    "type": "Wikipedia definition",
                    "meaning": "2. Jig (tool) In metalworking and woodworking, a jig is a type of tool ... Read more"
                },
                {
                    "type": "Other forms",
                    "meaning": "冶具 【ジグ】"
                },
                {
                    "type": "Notes",
                    "meaning": "治具: Ateji (phonetic) reading. 冶具: Ateji (phonetic) reading, Irregular kanji usage."
                }
            ],
            "sentences": []
        },
        {
            "word": [
                [
                    "冶",
                    "や"
                ],
                [
                    "金",
                    "きん"
                ],
                [
                    "学",
                    "がく"
                ]
            ],
            "common": false,
            "jlpt": null,
            "meanings": [
                {
                    "type": "Noun",
                    "meaning": "1. metallurgy (the science) "
                },
                {
                    "type": "Noun",
                    "meaning": "1. metallurgy (the science) "
                }
            ],