{
    "kanji": "刊",
    "grade": 5,
    "jlpt": 2,
    "frequency": 855,
    "meanings": [
        "publish",
        "carve",
        "engrave"
    ],
    "kun": [
        "カン"
    ],
    "on": [],
    "strokes": [
        [
            "M",
            0.16321100917431192,
            0.24339449541284405,
            "c",
            0.015412844036697248,
            0.0028440366972477065,
            0.031376146788990825,
            0.003577981651376147,
            0.04678899082568807,
            0.001559633027522936,
            "c",
            0.04724770642201835,
            -0.006146788990825688,
            0.14706422018348625,
            -0.02256880733944954,
            0.21201834862385321,
            -0.030091743119266053,
            "c",
            0.01688073394495413,
            -0.001926605504587156,
            0.034403669724770644,
            -0.0025688073394495416,
            0.050733944954128446,
            0.0033027522935779813
        ],
        [
            "M",
            0.10816513761467889,
            0.44697247706422016,
            "c",
            0.017889908256880735,
            0.007064220183486239,
            0.042844036697247706,
            0.005321100917431192,
            0.06155963302752294,
            0.0025688073394495416,
            "c",
            0.09688073394495414,
            -0.014220183486238533,
            0.19752293577981653,
            -0.029724770642201838,
            0.2889908256880734,
            -0.04,
            "c",
            0.023027522935779813,
            -0.0025688073394495416,
            0.043486238532110096,
            -0.005229357798165137,
            0.06614678899082568,
            0.0002752293577981651
        ],
        [
            "M",
            0.31055045871559633,
            0.2622018348623853,
            "c",
            0.010091743119266056,
            0.010091743119266056,
            0.015963302752293577,
            0.02330275229357798,
            0.015963302752293577,
            0.036146788990825685,
            "c",
            0,
            0.007247706422018349,
            -0.0002752293577981651,
            0.3578899082568807,
            -0.0008256880733944953,
            0.503302752293578,
            "c",
            -0.00009174311926605505,
            0.028256880733944955,
            -0.0001834862385321101,
            0.048715596330275224,
            -0.0002752293577981651,
            0.057431192660550454
        ],
        [
            "M",
            0.6056880733944954,
            0.3034862385321101,
            "C",
            0.6146788990825688,
            0.3119266055045872,
            0.6194495412844037,
            0.3267889908256881,
            0.6194495412844037,
            0.344954128440367,
            "c",
            0,
            0.09403669724770643,
            -0.00009174311926605505,
            0.16788990825688074,
            -0.0001834862385321101,
            0.21926605504587154,
            "c",
            0,
            0.02165137614678899,
            0,
            0.039266055045871565,
            0,
            0.052752293577981654
        ],
        [
            "M",
            0.8006422018348623,
            0.15440366972477063,
            "c",
            0.008990825688073394,
            0.008440366972477065,
            0.016146788990825688,
            0.021009174311926605,
            0.016146788990825688,
            0.039174311926605504,
            "c",
            0,
            0.13357798165137616,
            -0.00009174311926605505,
            0.5542201834862385,
            -0.00009174311926605505,
            0.5997247706422019,
            "c",
            0,
            0.1310091743119266,
            -0.06211009174311926,
            0.04385321100917432,
            -0.07990825688073395,
            0.022935779816513763
        ]
    ],
    "words": [
        {
            "word": [
                [
                    "刊",
                    "かん"
                ]
            ],
            "common": false,
            "jlpt": null,
            "meanings": [
                {
                    "type": "Suffix",
                    "meaning": "1. publication; edition (e.g. morning, evening, special); published in (year); publication frequency (e.g. daily, monthly) "
                }
            ],
            "sentences": []
        },
        {
            "word": [
                [
                    "刊",
                    "かん"
                ],
                [
                    "行",
                    "こう"
                ]
            ],
            "common": true,
            "jlpt": 1,
            "meanings": [
                {
                    "type": "Noun, Suru verb, Transitive verb",
                    "meaning": "1. publication; issue "
                },
                {
                    "type": "Noun, Suru verb, Transitive verb",
                    "meaning": "1. publication; issue "
                }
            ],
            "sentences": []
        },
        {
            "word": [
                [
                    "刊",
                    "かん"
                ],
                [
                    "行",
                    "こう"
                ],
                [
                    "会",
                    "かい"
                ]
            ],
            "common": false,
            "jlpt": null,
            "meanings": [
                {
                    "type": "Noun",
                    "meaning": "1. publication society "
                }
            ],
            "sentences": []
        },
        {
            "word": [
                [
                    "刊",
                    "かん"
                ],
                [
                    "本",
                    "ぽん"
                ]
            ],
            "common": false,
            "jlpt": null,
            "meanings": [
                {
                    "type": "Noun",
                    "meaning": "1. published book; printed book "
                }
            ],
            "sentences": []
        },
        {
            "word": [
                [
                    "刊",
                    "かん"
                ],
                [
                    "行",
                    "こう"
                ],
                [
                    "物",
                    "ぶつ"
                ]
            ],
            "common": false,
            "jlpt": null,
            "meanings": [
                {
                    "type": "Noun",
                    "meaning": "1. publication; periodical "
                }
            ],
            "sentences": []
        },
        {
            "word": [
                [
                    "刊",
                    "かん"
                ],
                [
                    "記",
                    "き"
                ]
            ],
            "common": false,
            "jlpt": null,
            "meanings": [
                {
                    "type": "Noun",
                    "meaning": "1. colophon (of old Sino-Japanese books) Historical term"
                }
            ],
            "sentences": []
        },
        {
            "word": [
                [
                    "夕",
                    "ゆう"
                ],
                [
                    "刊",
                    "かん"
                ]
            ],
            "common": true,
            "jlpt": 2,
            "meanings": [
                {
                    "type": "Noun",
                    "meaning": "1. evening paper "
                }
            ],
            "sentences": []
        },
        {
            "word": [
                [
                    "創",
                    "そう"
                ],
                [
                    "刊",
                    "かん"
                ]
            ],
            "common": true,
            "jlpt": 1,