{
    "kanji": "剖",
    "grade": 8,
    "jlpt": 1,
    "frequency": 1918,
    "meanings": [
        "divide"
    ],
    "kun": [
        "ボウ"
    ],
    "on": [],
    "strokes": [
        [
            "M",
            0.3276146788990826,
            0.17889908256880735,
            "c",
            0.009541284403669725,
            0.00926605504587156,
            0.012110091743119267,
            0.020642201834862386,
            0.012110091743119267,
            0.0336697247706422,
            "c",
            0,
            0.02192660550458716,
            0,
            0.04504587155963303,
            0,
            0.10458715596330276
        ],
        [
            "M",
            0.1444954128440367,
            0.3463302752293578,
            "c",
            0.02128440366972477,
            0.005963302752293578,
            0.04752293577981651,
            0.0037614678899082566,
            0.0691743119266055,
            0.0007339449541284404,
            "c",
            0.07623853211009175,
            -0.01073394495412844,
            0.19752293577981653,
            -0.031743119266055046,
            0.2535779816513761,
            -0.03871559633027523,
            "c",
            0.017614678899082567,
            -0.002201834862385321,
            0.028440366972477066,
            0.0013761467889908255,
            0.0373394495412844,
            0.0029357798165137615
        ],
        [
            "M",
            0.2121100917431193,
            0.40018348623853206,
            "c",
            0.031926605504587154,
            0.035688073394495416,
            0.04642201834862385,
            0.07211009174311928,
            0.04935779816513761,
            0.09568807339449541
        ],
        [
            "M",
            0.45642201834862384,
            0.3510091743119266,
            "c",
            0.0022935779816513763,
            0.007889908256880733,
            -0.0001834862385321101,
            0.018440366972477064,
            -0.0021100917431192663,
            0.022935779816513763,
            "C",
            0.4334862385321101,
            0.42201834862385323,
            0.4040366972477064,
            0.47926605504587155,
            0.38990825688073394,
            0.504862385321101
        ],
        [
            "M",
            0.10550458715596331,
            0.5641284403669725,
            "c",
            0.021192660550458715,
            0.006788990825688073,
            0.047339449541284405,
            0.005688073394495413,
            0.06889908256880733,
            0.001834862385321101,
            "c",
            0.09972477064220182,
            -0.017798165137614678,
            0.20743119266055046,
            -0.03743119266055046,
            0.304954128440367,
            -0.04779816513761468,
            "c",
            0.022935779816513763,
            -0.0023853211009174312,
            0.04376146788990825,
            -0.0032110091743119264,
            0.06651376146788991,
            0.0011926605504587156
        ],
        [
            "M",
            0.18577981651376146,
            0.6705504587155964,
            "c",
            0.007155963302752294,
            0.005504587155963302,
            0.011467889908256881,
            0.012660550458715595,
            0.012660550458715595,
            0.02165137614678899,
            "c",
            0.008715596330275228,
            0.027981651376146787,
            0.019633027522935782,
            0.0779816513761468,
            0.027706422018348623,
            0.12128440366972477,
            "c",
            0.0028440366972477065,
            0.015321100917431192,
            0.005321100917431192,
            0.029724770642201838,
            0.007155963302752294,
            0.04201834862385321
        ],
        [
            "M",
            0.20706422018348625,
            0.6792660550458716,
            "c",
            0.06311926605504586,
            -0.008532110091743119,
            0.1748623853211009,
            -0.028623853211009177,
            0.2288073394495413,
            -0.03431192660550459,
            "c",
            0.0263302752293578,
            -0.002752293577981651,
            0.0389908256880734,
            0.012110091743119267,
            0.03495412844036697,
            0.03642201834862385,
            "c",
            -0.006238532110091744,
            0.03779816513761468,
            -0.020275229357798165,
            0.08357798165137614,
            -0.031009174311926603,
            0.1234862385321101
        ],
        [
            "M",
            0.23954128440366973,
            0.8348623853211009,
            "c",
            0.03752293577981651,
            -0.0034862385321100917,
            0.11009174311926606,
            -0.00908256880733945,
            0.17339449541284402,
            -0.014587155963302753,
            "c",
            0.015871559633027523,
            -0.0013761467889908255,
            0.030825688073394496,
            -0.002752293577981651,
            0.04376146788990825,
            -0.004128440366972477
        ],
        [
            "M",
            0.6377981651376147,
            0.27366972477064216,
            "c",
            0.008990825688073394,
            0.008440366972477065,
            0.016146788990825688,
            0.025596330275229357,
            0.016146788990825688,
            0.046055045871559626,
            "c",
            0,
            0.0963302752293578,
            0.0013761467889908255,
            0.18596330275229359,
            0.00045871559633027525,
            0.24678899082568806,
            "c",
            -0.0003669724770642202,
            0.02348623853211009,
            -0.0006422018348623854,
            0.04238532110091743,
            -0.0006422018348623854,
            0.05504587155963303
        ],
        [
            "M",
            0.8189908256880734,
            0.14981651376146787,
            "c",
            0.012201834862385321,
            0.012201834862385321,
            0.016146788990825688,
            0.025596330275229357,
            0.016146788990825688,
            0.048348623853211,
            "c",
            0,
            0.13357798165137616,
            -0.00009174311926605505,
            0.5519266055045872,
            -0.00009174311926605505,
            0.5974311926605504,
            "c",
            0,
            0.1287155963302752,
            -0.05238532110091743,
            0.022935779816513763,
            -0.06614678899082568,
            0.011467889908256881
        ]
    ],
    "words": [
        {
            "word": [
                [
                    "剖",
                    "ぼう"
                ],
                [
                    "検",
                    "けん"
                ]
            ],
            "common": false,
            "jlpt": null,
            "meanings": [
                {
                    "type": "Noun, Suru verb, Transitive verb",
                    "meaning": "1. autopsy; necropsy "
                },
                {
                    "type": "Noun, Suru verb, Transitive verb",
                    "meaning": "1. autopsy; necropsy "
                }
            ],
            "sentences": []
        },
        {
            "word": [
                "剖",
                "すえたか"
            ],
            "common": false,
            "jlpt": null,
            "meanings": [
                {
                    "type": "Unclassified name",
                    "meaning": "1. Suetaka "
                },
                {
                    "type": "Unclassified name",
                    "meaning": "1. Suechika "
                }
            ],
            "sentences": []
        },
        {
            "word": [
                [
                    "解",
                    "かい"
                ],
                [
                    "剖",
                    "ぼう"
                ]
            ],
            "common": true,