{
    "kanji": "劾",
    "grade": 10,
    "jlpt": 1,
    "meanings": [
        "censure",
        "criminal investigation"
    ],
    "kun": [
        "ガイ"
    ],
    "on": [],
    "strokes": [
        [
            "M",
            0.338348623853211,
            0.11990825688073395,
            "c",
            0.008256880733944955,
            0.008256880733944955,
            0.010642201834862385,
            0.01889908256880734,
            0.010642201834862385,
            0.03504587155963303,
            "c",
            0,
            0.03743119266055046,
            -0.00045871559633027525,
            0.05871559633027523,
            -0.00045871559633027525,
            0.0881651376146789
        ],
        [
            "M",
            0.1393577981651376,
            0.2695412844036697,
            "c",
            0.01889908256880734,
            0.004495412844036697,
            0.04055045871559633,
            0.0022935779816513763,
            0.061467889908256884,
            -0.00009174311926605505,
            "c",
            0.07009174311926605,
            -0.007889908256880733,
            0.20339449541284405,
            -0.023577981651376145,
            0.2865137614678899,
            -0.029541284403669727,
            "c",
            0.01853211009174312,
            -0.0013761467889908255,
            0.043119266055045874,
            -0.0025688073394495416,
            0.06073394495412844,
            0.004220183486238533
        ],
        [
            "M",
            0.326605504587156,
            0.28541284403669726,
            "c",
            0.0037614678899082566,
            0.010825688073394495,
            0.0021100917431192663,
            0.023211009174311924,
            -0.0057798165137614675,
            0.03495412844036697,
            "c",
            -0.022752293577981652,
            0.03394495412844037,
            -0.04339449541284404,
            0.06036697247706422,
            -0.07770642201834863,
            0.10018348623853211,
            "c",
            -0.006330275229357797,
            0.007247706422018349,
            -0.0045871559633027525,
            0.021192660550458715,
            0.0022935779816513763,
            0.024678899082568807,
            "c",
            0.033211009174311926,
            0.016972477064220184,
            0.05055045871559633,
            0.02651376146788991,
            0.08422018348623853,
            0.04623853211009174
        ],
        [
            "M",
            0.43577981651376146,
            0.33715596330275227,
            "c",
            0,
            0.013761467889908258,
            -0.0033944954128440367,
            0.02311926605504587,
            -0.008256880733944955,
            0.031009174311926603,
            "C",
            0.3634862385321101,
            0.4724770642201835,
            0.3038532110091743,
            0.555045871559633,
            0.1811926605504587,
            0.658256880733945
        ],
        [
            "M",
            0.44036697247706424,
            0.5229357798165137,
            "c",
            0,
            0.014862385321100919,
            -0.005137614678899083,
            0.02706422018348624,
            -0.014128440366972478,
            0.03963302752293578,
            "c",
            -0.0708256880733945,
            0.09944954128440367,
            -0.14761467889908256,
            0.19403669724770642,
            -0.26807339449541284,
            0.2761467889908257
        ],
        [
            "M",
            0.3680733944954128,
            0.6857798165137615,
            "c",
            0.03357798165137615,
            0.014587155963302753,
            0.08678899082568808,
            0.059908256880733944,
            0.09522935779816515,
            0.08256880733944955
        ],
        [
            "M",
            0.5230275229357798,
            0.40660550458715594,
            "c",
            0.017339449541284403,
            0.006422018348623853,
            0.041100917431192666,
            0.006055045871559634,
            0.059357798165137615,
            0.0028440366972477065,
            "c",
            0.07155963302752294,
            -0.012568807339449543,
            0.16321100917431192,
            -0.030917431192660553,
            0.21238532110091743,
            -0.03990825688073394,
            "c",
            0.03697247706422019,
            -0.006788990825688073,
            0.05614678899082569,
            -0.0001834862385321101,
            0.05385321100917431,
            0.04201834862385321,
            "C",
            0.8429357798165137,
            0.5160550458715596,
            0.7889908256880734,
            0.7533944954128441,
            0.7393577981651377,
            0.8358715596330275,
            "c",
            -0.03458715596330275,
            0.057431192660550454,
            -0.07256880733944954,
            0.005045871559633028,
            -0.08266055045871559,
            -0.0037614678899082566
        ],
        [
            "M",
            0.6936697247706421,
            0.1828440366972477,
            "c",
            0.005871559633027523,
            0.012110091743119267,
            0.008440366972477065,
            0.028256880733944955,
            0.005596330275229358,
            0.05018348623853211,
            "C",
            0.6781651376146789,
            0.3957798165137615,
            0.6123853211009175,
            0.6651376146788991,
            0.46788990825688076,
            0.8371559633027523
        ]
    ],
    "words": [
        {
            "word": [
                [
                    "劾",
                    "がい"
                ],
                [
                    "奏",
                    "そう"
                ]
            ],
            "common": false,
            "jlpt": null,
            "meanings": [
                {
                    "type": "Noun, Suru verb",
                    "meaning": "1. report of an official's offence to the emperor (offense) "
                },
                {
                    "type": "Noun, Suru verb",
                    "meaning": "1. report of an official's offence to the emperor (offense) "
                }
            ],
            "sentences": []
        },
        {
            "word": [
                [
                    "弾",
                    "だん"
                ],
                [
                    "劾",
                    "がい"
                ]
            ],
            "common": true,
            "jlpt": null,
            "meanings": [
                {
                    "type": "Noun, Suru verb, Transitive verb",
                    "meaning": "1. impeachment "
                },
                {
                    "type": "Noun, Suru verb, Transitive verb",
                    "meaning": "2. denunciation; accusation; censure; arraignment "
                },
                {
                    "type": "Wikipedia definition",
                    "meaning": "3. Impeachment Impeachment is a formal process in which an official is a... Read more"
                }
            ],
            "sentences": [
                {
                    "sentence": [
                        [
                            "米国",
                            "べいこく"
                        ],
                        [
                            "一連",
                            "いちれん"
                        ],
                        [
                            "罷免",
                            "ひめん"
                        ],
                        [
                            "弾劾",
                            "だんがい"
                        ],
                        [
                            "決議",
                            "けつぎ）(案;あん"
                        ],
                        [
                            "下院",
                            "かいん"
                        ]
                    ],