{
    "kanji": "匠",
    "grade": 10,
    "jlpt": 1,
    "meanings": [
        "artisan",
        "workman",
        "carpenter"
    ],
    "kun": [
        "たくみ"
    ],
    "on": [
        "ショウ"
    ],
    "strokes": [
        [
            "M",
            0.1961467889908257,
            0.19247706422018349,
            "c",
            0.033211009174311926,
            0.007064220183486239,
            0.0673394495412844,
            0.006422018348623853,
            0.09862385321100918,
            0.0047706422018348625,
            "c",
            0.13155963302752294,
            -0.007155963302752294,
            0.3110091743119266,
            -0.017889908256880735,
            0.4471559633027523,
            -0.024495412844036696,
            "c",
            0.02963302752293578,
            -0.0014678899082568807,
            0.06036697247706422,
            -0.0017431192660550458,
            0.08944954128440367,
            0.004495412844036697
        ],
        [
            "M",
            0.6362385321100917,
            0.24770642201834864,
            "c",
            -0.0032110091743119264,
            0.008073394495412844,
            -0.009357798165137614,
            0.014954128440366971,
            -0.015504587155963302,
            0.02,
            "c",
            -0.045871559633027525,
            0.038073394495412846,
            -0.11247706422018348,
            0.06761467889908257,
            -0.20238532110091742,
            0.10119266055045871
        ],
        [
            "M",
            0.38825688073394493,
            0.3507339449541284,
            "c",
            0.0077981651376146785,
            0.0077981651376146785,
            0.00926605504587156,
            0.02587155963302752,
            0.009541284403669725,
            0.03908256880733945,
            "C",
            0.4013761467889908,
            0.5825688073394495,
            0.38073394495412843,
            0.6743119266055045,
            0.30477064220183486,
            0.7459633027522936
        ],
        [
            "M",
            0.41944954128440365,
            0.4593577981651376,
            "c",
            0.009357798165137614,
            0,
            0.023944954128440367,
            -0.0010091743119266055,
            0.041834862385321095,
            -0.002752293577981651,
            "c",
            0.0746788990825688,
            -0.007155963302752294,
            0.20623853211009174,
            -0.0226605504587156,
            0.2704587155963303,
            -0.027889908256880733,
            "c",
            0.017155963302752295,
            -0.0013761467889908255,
            0.036513761467889906,
            -0.004495412844036697,
            0.05348623853211009,
            -0.0013761467889908255
        ],
        [
            "M",
            0.5969724770642201,
            0.47091743119266055,
            "c",
            0.007889908256880733,
            0.007889908256880733,
            0.010458715596330274,
            0.021100917431192658,
            0.010458715596330274,
            0.03376146788990826,
            "c",
            0,
            0.004954128440366972,
            -0.0003669724770642202,
            0.11788990825688073,
            -0.00045871559633027525,
            0.20293577981651378,
            "c",
            0,
            0.016238532110091745,
            0,
            0.031467889908256885,
            0,
            0.04477064220183486
        ],
        [
            "M",
            0.21788990825688073,
            0.19954128440366972,
            "c",
            0.0074311926605504595,
            0.0074311926605504595,
            0.010550458715596329,
            0.020642201834862386,
            0.010550458715596329,
            0.03220183486238532,
            "c",
            0,
            0.12211009174311926,
            -0.012568807339449543,
            0.4955045871559633,
            -0.014862385321100919,
            0.5836697247706422,
            "c",
            -0.0006422018348623854,
            0.02614678899082569,
            0.003027522935779817,
            0.04513761467889908,
            0.03403669724770642,
            0.04018348623853211,
            "c",
            0.108348623853211,
            -0.017339449541284403,
            0.3588990825688073,
            -0.04128440366972477,
            0.5286238532110091,
            -0.03788990825688073,
            "c",
            0.031192660550458714,
            0.0006422018348623854,
            0.06036697247706422,
            0.005137614678899083,
            0.0906422018348624,
            0.012660550458715595
        ]
    ],
    "words": [
        {
            "word": [
                [
                    "匠",
                    "たくみ"
                ]
            ],
            "common": false,
            "jlpt": null,
            "meanings": [
                {
                    "type": "Noun",
                    "meaning": "1. craftsman; artisan; workman; carpenter "
                },
                {
                    "type": "Noun",
                    "meaning": "2. craft; craftsmanship; skill; dexterity; design Only applies to 工"
                },
                {
                    "type": "Noun",
                    "meaning": "3. plot; scheme; artifice; trick Dated term, Only applies to 工"
                },
                {
                    "type": "Other forms",
                    "meaning": "工 【たくみ】"
                },
                {
                    "type": "Noun",
                    "meaning": "1. craftsman; artisan; carpenter; (skilled) workman Obsolete term"
                },
                {
                    "type": "Noun",
                    "meaning": "1. craftsman; artisan; workman; carpenter "
                },
                {
                    "type": "Noun",
                    "meaning": "2. craft; craftsmanship; skill; dexterity; design Only applies to 工"
                },
                {
                    "type": "Noun",
                    "meaning": "3. plot; scheme; artifice; trick Dated term, Only applies to 工"
                },
                {
                    "type": "Other forms",
                    "meaning": "工 【たくみ】"
                }
            ],
            "sentences": []
        },
        {
            "word": [
                [
                    "匠",
                    "しょう"
                ],
                [
                    "気",
                    "き"
                ]
            ],
            "common": false,
            "jlpt": null,
            "meanings": [
                {
                    "type": "Noun",
                    "meaning": "1. affectation; desire to be impressive "
                }
            ],
            "sentences": []
        },
        {
            "word": [
                "匠",
                "しょう"
            ],
            "common": false,
            "jlpt": null,
            "meanings": [
                {
                    "type": "Unclassified name",
                    "meaning": "1. Shou "
                },
                {
                    "type": "Unclassified name",
                    "meaning": "1. Shouji "
                }
            ],
            "sentences": []
        },
        {
            "word": [
                "匠",
                "たくみ"
            ],
            "common": false,
            "jlpt": null,
            "meanings": [
                {
                    "type": "Female given name, Family or surname",
                    "meaning": "1. Takumi "
                }
            ],
            "sentences": []
        },
        {
            "word": [
                [
                    "巨",
                    "きょ"
                ],
                [
                    "匠",
                    "しょう"
                ]
            ],
            "common": true,
            "jlpt": null,