{
    "kanji": "厘",
    "grade": 10,
    "jlpt": 1,
    "meanings": [
        "rin",
        "1/10 sen",
        "1/10 bu"
    ],
    "kun": [
        "リン"
    ],
    "on": [],
    "strokes": [
        [
            "M",
            0.20990825688073395,
            0.17119266055045873,
            "c",
            0.025137614678899085,
            0.008990825688073394,
            0.0544954128440367,
            0.006880733944954129,
            0.08036697247706422,
            0.004862385321100918,
            "c",
            0.13669724770642203,
            -0.01036697247706422,
            0.28211009174311924,
            -0.028165137614678898,
            0.43220183486238534,
            -0.031926605504587154,
            "c",
            0.028899082568807338,
            -0.0007339449541284404,
            0.05761467889908257,
            -0.0021100917431192663,
            0.08605504587155964,
            0.0039449541284403665
        ],
        [
            "M",
            0.24761467889908256,
            0.18807339449541285,
            "c",
            0.00926605504587156,
            0.00926605504587156,
            0.011376146788990826,
            0.019357798165137614,
            0.010550458715596329,
            0.03669724770642202,
            "C",
            0.25,
            0.3922018348623853,
            0.22935779816513763,
            0.676605504587156,
            0.09917431192660552,
            0.8070642201834862
        ],
        [
            "M",
            0.3395412844036697,
            0.3114678899082569,
            "c",
            0.0076146788990825685,
            0.0076146788990825685,
            0.011376146788990826,
            0.018807339449541282,
            0.013119266055045872,
            0.029908256880733942,
            "c",
            0.008899082568807339,
            0.05770642201834862,
            0.017064220183486238,
            0.11963302752293577,
            0.024311926605504585,
            0.18577981651376146,
            "c",
            0.0017431192660550458,
            0.015688073394495412,
            0.0033944954128440367,
            0.031009174311926603,
            0.004862385321100918,
            0.04541284403669725
        ],
        [
            "M",
            0.35376146788990825,
            0.31972477064220184,
            "c",
            0.1065137614678899,
            -0.011192660550458715,
            0.2769724770642202,
            -0.027339449541284404,
            0.37311926605504586,
            -0.03495412844036697,
            "c",
            0.035596330275229356,
            -0.0028440366972477065,
            0.04412844036697247,
            0.011009174311926604,
            0.03990825688073394,
            0.04211009174311926,
            "c",
            -0.005504587155963302,
            0.0408256880733945,
            -0.017706422018348624,
            0.10761467889908258,
            -0.027155963302752294,
            0.16669724770642202,
            "c",
            -0.0032110091743119264,
            0.02018348623853211,
            -0.006422018348623853,
            0.039266055045871565,
            -0.009357798165137614,
            0.05587155963302752
        ],
        [
            "M",
            0.37596330275229356,
            0.4344954128440367,
            "c",
            0.09311926605504588,
            -0.010183486238532111,
            0.30412844036697245,
            -0.02743119266055046,
            0.3680733944954128,
            -0.028990825688073395
        ],
        [
            "M",
            0.38963302752293577,
            0.558256880733945,
            "c",
            0.11266055045871559,
            -0.012385321100917432,
            0.2479816513761468,
            -0.0226605504587156,
            0.33605504587155965,
            -0.025596330275229357
        ],
        [
            "M",
            0.5370642201834862,
            0.3236697247706422,
            "c",
            0.00834862385321101,
            0.00834862385321101,
            0.012018348623853212,
            0.021559633027522937,
            0.012018348623853212,
            0.03724770642201834,
            "c",
            0,
            0.11954128440366972,
            -0.0009174311926605505,
            0.42660550458715596,
            -0.0009174311926605505,
            0.4602752293577982
        ],
        [
            "M",
            0.36486238532110093,
            0.6988073394495413,
            "c",
            0.022752293577981652,
            0.005321100917431192,
            0.04229357798165138,
            0.003027522935779817,
            0.06073394495412844,
            0.0005504587155963302,
            "c",
            0.08587155963302752,
            -0.011376146788990826,
            0.19477064220183488,
            -0.023944954128440367,
            0.2681651376146789,
            -0.027889908256880733,
            "c",
            0.019633027522935782,
            -0.0011009174311926604,
            0.0426605504587156,
            -0.00045871559633027525,
            0.06192660550458716,
            0.004128440366972477
        ],
        [
            "M",
            0.24275229357798167,
            0.8450458715596331,
            "c",
            0.023577981651376145,
            0.008532110091743119,
            0.05770642201834862,
            0.006422018348623853,
            0.08201834862385321,
            0.004036697247706422,
            "c",
            0.12256880733944954,
            -0.011926605504587157,
            0.29110091743119265,
            -0.02568807339449541,
            0.4355963302752293,
            -0.028899082568807338,
            "c",
            0.025779816513761468,
            -0.0005504587155963302,
            0.05192660550458716,
            0.0005504587155963302,
            0.0773394495412844,
            0.006055045871559634
        ]
    ],
    "words": [
        {
            "word": [
                [
                    "厘",
                    "りん"
                ]
            ],
            "common": true,
            "jlpt": null,
            "meanings": [
                {
                    "type": "Numeric",
                    "meaning": "1. one-hundredth; 0.3 mm (one-hundredth of a sun); 0.1 percent (one-hundredth of a wari); 0.0375 grams (one-hundredth of a monme) 彼の打率は３割４分３厘で、ホームランは５４本であった。He batted .343 with 54 home runs."
                },
                {
                    "type": "Noun",
                    "meaning": "2. rin (monetary unit; 0.001 yen) Historical term銭厘を大切にすれば大金はおのずとたまる。Take care of the pence, and the pounds will take care of themselves."
                },
                {
                    "type": "Other forms",
                    "meaning": "厘 【り】、釐 【り】"
                },
                {
                    "type": "Notes",
                    "meaning": "り: Out-dated or obsolete kana usage. り: Out-dated or obsolete kana usage. 釐: Out-dated kanji or kanji usage."
                },
                {
                    "type": "Numeric",
                    "meaning": "1. one-hundredth; 0.3 mm (one-hundredth of a sun); 0.1 percent (one-hundredth of a wari); 0.0375 grams (one-hundredth of a monme) 彼の打率は３割４分３厘で、ホームランは５４本であった。He batted .343 with 54 home runs."
                },
                {
                    "type": "Noun",
                    "meaning": "2. rin (monetary unit; 0.001 yen) Historical term銭厘を大切にすれば大金はおのずとたまる。Take care of the pence, and the pounds will take care of themselves."
                },
                {
                    "type": "Other forms",
                    "meaning": "厘 【り】、釐 【り】"
                },
                {
                    "type": "Notes",
                    "meaning": "り: Out-dated or obsolete kana usage. り: Out-dated or obsolete kana usage. 釐: Out-dated kanji or kanji usage."
                }
            ],