{
    "kanji": "唆",
    "grade": 8,
    "jlpt": 1,
    "frequency": 1278,
    "meanings": [
        "tempt",
        "seduce",
        "instigate",
        "promote"
    ],
    "kun": [
        "そそ.る",
        "そそのか.す"
    ],
    "on": [
        "サ"
    ],
    "strokes": [
        [
            "M",
            0.13660550458715598,
            0.30669724770642204,
            "c",
            0.006697247706422018,
            0.010275229357798166,
            0.0081651376146789,
            0.01669724770642202,
            0.01,
            0.02908256880733945,
            "c",
            0.007064220183486239,
            0.04899082568807339,
            0.012293577981651376,
            0.12541284403669725,
            0.018807339449541282,
            0.19394495412844037,
            "c",
            0.0014678899082568807,
            0.015045871559633026,
            0.0028440366972477065,
            0.029724770642201838,
            0.004403669724770642,
            0.04357798165137615
        ],
        [
            "M",
            0.15880733944954128,
            0.3229357798165138,
            "c",
            0.04899082568807339,
            -0.01036697247706422,
            0.09146788990825688,
            -0.019633027522935782,
            0.1348623853211009,
            -0.028990825688073395,
            "c",
            0.03422018348623853,
            -0.007339449541284404,
            0.05146788990825688,
            -0.005045871559633028,
            0.045504587155963304,
            0.03504587155963303,
            "c",
            -0.008073394495412844,
            0.05385321100917431,
            -0.021376146788990826,
            0.10229357798165138,
            -0.03486238532110091,
            0.19440366972477066
        ],
        [
            "M",
            0.17779816513761468,
            0.5539449541284404,
            "c",
            0.03211009174311927,
            -0.004220183486238533,
            0.06458715596330275,
            -0.01110091743119266,
            0.10706422018348624,
            -0.01669724770642202,
            "c",
            0.015321100917431192,
            -0.002018348623853211,
            0.03110091743119266,
            -0.004220183486238533,
            0.04697247706422018,
            -0.006605504587155963
        ],
        [
            "M",
            0.5909174311926605,
            0.10550458715596331,
            "c",
            0.003119266055045872,
            0.011467889908256881,
            0.0007339449541284404,
            0.022477064220183487,
            -0.003669724770642202,
            0.02926605504587156,
            "c",
            -0.04018348623853211,
            0.06247706422018348,
            -0.07119266055045871,
            0.10715596330275229,
            -0.1165137614678899,
            0.16697247706422016,
            "c",
            -0.013486238532110091,
            0.017889908256880735,
            -0.007889908256880733,
            0.028990825688073395,
            0.01724770642201835,
            0.02311926605504587,
            "c",
            0.09000000000000001,
            -0.021009174311926605,
            0.17137614678899082,
            -0.04504587155963303,
            0.27155963302752295,
            -0.07027522935779816
        ],
        [
            "M",
            0.7055045871559633,
            0.19275229357798165,
            "c",
            0.041009174311926605,
            0.02165137614678899,
            0.10587155963302751,
            0.08899082568807339,
            0.11614678899082569,
            0.12266055045871559
        ],
        [
            "M",
            0.5372477064220184,
            0.35192660550458715,
            "c",
            0.0009174311926605505,
            0.0074311926605504595,
            0,
            0.014495412844036697,
            -0.002660550458715596,
            0.02128440366972477,
            "c",
            -0.011009174311926604,
            0.03128440366972477,
            -0.04743119266055046,
            0.07779816513761469,
            -0.11302752293577982,
            0.12834862385321102
        ],
        [
            "M",
            0.6741284403669725,
            0.30779816513761465,
            "c",
            0.005596330275229358,
            0.005596330275229358,
            0.008807339449541284,
            0.015596330275229357,
            0.008807339449541284,
            0.028623853211009177,
            "c",
            0,
            0.031743119266055046,
            -0.0001834862385321101,
            0.04651376146788991,
            -0.0001834862385321101,
            0.06816513761467889,
            "c",
            0,
            0.0426605504587156,
            0.014495412844036697,
            0.051559633027522936,
            0.07862385321100918,
            0.051559633027522936,
            "c",
            0.05055045871559633,
            0,
            0.07064220183486239,
            -0.006146788990825688,
            0.07834862385321101,
            -0.01871559633027523
        ],
        [
            "M",
            0.5398165137614679,
            0.4908256880733945,
            "c",
            0.00045871559633027525,
            0.005321100917431192,
            -0.002018348623853211,
            0.01889908256880734,
            -0.005504587155963302,
            0.02596330275229358,
            "c",
            -0.025137614678899085,
            0.049724770642201835,
            -0.07330275229357798,
            0.13,
            -0.16697247706422016,
            0.1998165137614679
        ],
        [
            "M",
            0.5481651376146789,
            0.5555963302752294,
            "c",
            0.01275229357798165,
            0.001559633027522936,
            0.0263302752293578,
            -0.002018348623853211,
            0.03844036697247707,
            -0.005596330275229358,
            "c",
            0.027889908256880733,
            -0.0081651376146789,
            0.07091743119266056,
            -0.024678899082568807,
            0.1,
            -0.03394495412844037,
            "c",
            0.03495412844036697,
            -0.011192660550458715,
            0.051559633027522936,
            0.005596330275229358,
            0.03394495412844037,
            0.03908256880733945,
            "C",
            0.665045871559633,
            0.6603669724770642,
            0.536697247706422,
            0.7958715596330275,
            0.37311926605504586,
            0.8692660550458715
        ],
        [
            "M",
            0.49366972477064225,
            0.6163302752293579,
            "c",
            0.0336697247706422,
            0.005963302752293578,
            0.1840366972477064,
            0.12220183486238533,
            0.27825688073394494,
            0.1936697247706422,
            "c",
            0.027155963302752294,
            0.020642201834862386,
            0.047981651376146794,
            0.03403669724770642,
            0.0865137614678899,
            0.049082568807339445
        ]
    ],
    "words": [
        {
            "word": [
                [
                    "唆",
                    "そそのか"
                ],
                [
                    "す",
                    null
                ]
            ],
            "common": true,
            "jlpt": null,
            "meanings": [
                {
                    "type": "Godan verb with 'su' ending, Transitive verb",
                    "meaning": "1. to instigate; to tempt; to entice; to incite Usually written using kana alone"
                },
                {
                    "type": "Other forms",
                    "meaning": "嗾す 【そそのかす】"
                },
                {
                    "type": "Notes",
                    "meaning": "嗾す: Rarely-used kanji form."
                },
                {
                    "type": "Yodan verb with 'su' ending (archaic), Transitive verb",