{
    "kanji": "塀",
    "grade": 10,
    "jlpt": 1,
    "meanings": [
        "fence",
        "wall",
        "(kokuji)"
    ],
    "kun": [
        "ヘイ",
        "ベイ"
    ],
    "on": [],
    "strokes": [
        [
            "M",
            0.11238532110091744,
            0.3613761467889908,
            "c",
            0.01275229357798165,
            0.006422018348623853,
            0.03504587155963303,
            0.006880733944954129,
            0.04862385321100917,
            0.004495412844036697,
            "C",
            0.21229357798165138,
            0.3567889908256881,
            0.30275229357798167,
            0.3394495412844037,
            0.34174311926605505,
            0.33256880733944955,
            "c",
            0.011376146788990826,
            -0.002018348623853211,
            0.024036697247706424,
            -0.0039449541284403665,
            0.02981651376146789,
            -0.002201834862385321
        ],
        [
            "M",
            0.23963302752293578,
            0.13990825688073394,
            "c",
            0.009724770642201836,
            0.009724770642201836,
            0.01110091743119266,
            0.020642201834862386,
            0.01110091743119266,
            0.03669724770642202,
            "c",
            0,
            0.06651376146788991,
            0.0002752293577981651,
            0.3555045871559633,
            0.0002752293577981651,
            0.4541284403669725
        ],
        [
            "M",
            0.11009174311926606,
            0.6976146788990826,
            "c",
            0.006880733944954129,
            0.008807339449541284,
            0.020642201834862386,
            0.013394495412844036,
            0.04128440366972477,
            0.001926605504587156,
            "c",
            0.05733944954128441,
            -0.03211009174311927,
            0.16055045871559634,
            -0.09174311926605505,
            0.21788990825688073,
            -0.12385321100917432
        ],
        [
            "M",
            0.4380733944954128,
            0.15788990825688073,
            "c",
            0.012660550458715595,
            0.006146788990825688,
            0.020550458715596333,
            0.0076146788990825685,
            0.035321100917431195,
            0.006513761467889908,
            "c",
            0.0720183486238532,
            -0.005229357798165137,
            0.2826605504587156,
            -0.03330275229357798,
            0.34779816513761463,
            -0.040458715596330276,
            "c",
            0.028073394495412844,
            -0.003027522935779817,
            0.049174311926605506,
            0.002018348623853211,
            0.040091743119266054,
            0.03458715596330275,
            "c",
            -0.007981651376146788,
            0.02853211009174312,
            -0.016055045871559634,
            0.058990825688073394,
            -0.026788990825688072,
            0.10798165137614678
        ],
        [
            "M",
            0.476605504587156,
            0.31697247706422016,
            "c",
            0.07045871559633027,
            -0.00963302752293578,
            0.22651376146788993,
            -0.030275229357798163,
            0.32853211009174316,
            -0.04119266055045872,
            "c",
            0.02669724770642202,
            -0.0028440366972477065,
            0.046697247706422015,
            -0.002477064220183486,
            0.055412844036697245,
            -0.0028440366972477065
        ],
        [
            "M",
            0.45871559633027525,
            0.16972477064220184,
            "c",
            0.009724770642201836,
            0.009724770642201836,
            0.007889908256880733,
            0.01724770642201835,
            0.008073394495412844,
            0.031009174311926603,
            "C",
            0.4689908256880734,
            0.5045871559633027,
            0.4610091743119266,
            0.6891743119266055,
            0.3302752293577982,
            0.8325688073394495
        ],
        [
            "M",
            0.5455045871559633,
            0.36045871559633025,
            "c",
            0.02256880733944954,
            0.014495412844036697,
            0.05834862385321101,
            0.05972477064220183,
            0.06403669724770643,
            0.08229357798165138
        ],
        [
            "M",
            0.7940366972477064,
            0.3200917431192661,
            "c",
            0.0010091743119266055,
            0.0076146788990825685,
            -0.00009174311926605505,
            0.014862385321100919,
            -0.0033944954128440367,
            0.021743119266055048,
            "c",
            -0.008899082568807339,
            0.02660550458715596,
            -0.024495412844036696,
            0.06036697247706422,
            -0.05027522935779817,
            0.10403669724770642
        ],
        [
            "M",
            0.518348623853211,
            0.4955045871559633,
            "c",
            0.022935779816513763,
            0.002201834862385321,
            0.03706422018348624,
            0.0013761467889908255,
            0.05385321100917431,
            -0.0009174311926605505,
            "c",
            0.06302752293577982,
            -0.008623853211009174,
            0.17844036697247706,
            -0.028807339449541284,
            0.2430275229357798,
            -0.03293577981651376,
            "c",
            0.015321100917431192,
            -0.0010091743119266055,
            0.030733944954128442,
            -0.0014678899082568807,
            0.045871559633027525,
            0.001834862385321101
        ],
        [
            "M",
            0.4840366972477064,
            0.6592660550458715,
            "c",
            0.01669724770642202,
            0.005963302752293578,
            0.03669724770642202,
            0.003119266055045872,
            0.05376146788990826,
            0.0016513761467889907,
            "c",
            0.09045871559633027,
            -0.007981651376146788,
            0.21394495412844036,
            -0.023853211009174313,
            0.3108256880733945,
            -0.030458715596330274,
            "c",
            0.017522935779816513,
            -0.0011926605504587156,
            0.03330275229357798,
            -0.0017431192660550458,
            0.05045871559633028,
            0.001926605504587156
        ],
        [
            "M",
            0.6132110091743119,
            0.5135779816513761,
            "c",
            0.008807339449541284,
            0.008807339449541284,
            0.01091743119266055,
            0.021009174311926605,
            0.01091743119266055,
            0.034128440366972476,
            "c",
            0,
            0.11963302752293577,
            -0.03018348623853211,
            0.2779816513761468,
            -0.1301834862385321,
            0.3490825688073394
        ],
        [
            "M",
            0.7514678899082569,
            0.49715596330275225,
            "c",
            0.006972477064220183,
            0.006972477064220183,
            0.011559633027522935,
            0.01889908256880734,
            0.011559633027522935,
            0.030733944954128442,
            "c",
            0,
            0.0047706422018348625,
            0.0003669724770642202,
            0.19577981651376147,
            0.0003669724770642202,
            0.3046788990825688,
            "c",
            0,
            0.028440366972477066,
            -0.0005504587155963302,
            0.04954128440366973,
            -0.0008256880733944953,
            0.05733944954128441
        ]
    ],
    "words": [
        {
            "word": [
                [
                    "塀",
                    "へい"
                ]
            ],
            "common": true,
            "jlpt": 3,