{
    "kanji": "墳",
    "grade": 10,
    "jlpt": 1,
    "meanings": [
        "tomb",
        "mound"
    ],
    "kun": [
        "フン"
    ],
    "on": [],
    "strokes": [
        [
            "M",
            0.12155963302752294,
            0.3765137614678899,
            "c",
            0.006146788990825688,
            0.0033027522935779813,
            0.0181651376146789,
            0.0039449541284403665,
            0.024311926605504585,
            0.003119266055045872,
            "c",
            0.0389908256880734,
            -0.005688073394495413,
            0.11935779816513761,
            -0.024678899082568807,
            0.16275229357798163,
            -0.029908256880733942,
            "c",
            0.010183486238532111,
            -0.0011926605504587156,
            0.021192660550458715,
            -0.001559633027522936,
            0.0263302752293578,
            0.00009174311926605505
        ],
        [
            "M",
            0.23504587155963302,
            0.1651376146788991,
            "c",
            0.009174311926605505,
            0.009174311926605505,
            0.01110091743119266,
            0.0218348623853211,
            0.01110091743119266,
            0.03669724770642202,
            "c",
            0,
            0.06651376146788991,
            0.0002752293577981651,
            0.30275229357798167,
            0.0002752293577981651,
            0.4013761467889908
        ],
        [
            "M",
            0.1353211009174312,
            0.6795412844036697,
            "c",
            0.009174311926605505,
            0.008532110091743119,
            0.020642201834862386,
            0.006238532110091744,
            0.03504587155963303,
            -0.0045871559633027525,
            "C",
            0.22073394495412843,
            0.6375229357798164,
            0.2999082568807339,
            0.5670642201834862,
            0.3486238532110092,
            0.5275229357798165
        ],
        [
            "M",
            0.4610091743119266,
            0.19972477064220184,
            "c",
            0.015963302752293577,
            0.004678899082568807,
            0.035229357798165134,
            0.005137614678899083,
            0.051834862385321104,
            0.003027522935779817,
            "c",
            0.05678899082568808,
            -0.007339449541284404,
            0.16633027522935778,
            -0.024770642201834864,
            0.23036697247706422,
            -0.02926605504587156,
            "c",
            0.015596330275229357,
            -0.0011009174311926604,
            0.030458715596330274,
            -0.0013761467889908255,
            0.045871559633027525,
            0.0012844036697247708
        ],
        [
            "M",
            0.611834862385321,
            0.09174311926605505,
            "c",
            0.007706422018348624,
            0.007706422018348624,
            0.008623853211009174,
            0.016055045871559634,
            0.007889908256880733,
            0.027522935779816515,
            "c",
            -0.0032110091743119264,
            0.0481651376146789,
            -0.0045871559633027525,
            0.13009174311926605,
            -0.005963302752293578,
            0.16972477064220184
        ],
        [
            "M",
            0.38908256880733944,
            0.35844036697247705,
            "c",
            0.01651376146788991,
            0.006697247706422018,
            0.0408256880733945,
            0.005229357798165137,
            0.05834862385321101,
            0.0033027522935779813,
            "c",
            0.09568807339449541,
            -0.010550458715596329,
            0.29009174311926605,
            -0.037614678899082564,
            0.3920183486238532,
            -0.0426605504587156,
            "c",
            0.02018348623853211,
            -0.0010091743119266055,
            0.04055045871559633,
            -0.001926605504587156,
            0.06036697247706422,
            0.0029357798165137615
        ],
        [
            "M",
            0.5089908256880734,
            0.2677064220183486,
            "c",
            0.009724770642201836,
            0.010458715596330274,
            0.012201834862385321,
            0.02018348623853211,
            0.012660550458715595,
            0.03385321100917431,
            "c",
            0.0012844036697247708,
            0.04238532110091743,
            0.004862385321100918,
            0.08403669724770642,
            0.006880733944954129,
            0.11009174311926606
        ],
        [
            "M",
            0.7594495412844037,
            0.23743119266055046,
            "c",
            0.0028440366972477065,
            0.010550458715596329,
            0.003577981651376147,
            0.01834862385321101,
            0.0009174311926605505,
            0.02908256880733945,
            "c",
            -0.012385321100917432,
            0.05045871559633028,
            -0.01651376146788991,
            0.06944954128440367,
            -0.030825688073394496,
            0.11935779816513761
        ],
        [
            "M",
            0.49128440366972476,
            0.4492660550458715,
            "c",
            0.007339449541284404,
            0.007339449541284404,
            0.011009174311926604,
            0.017155963302752295,
            0.011009174311926604,
            0.026788990825688072,
            "c",
            0,
            0.0081651376146789,
            0.0007339449541284404,
            0.14954128440366973,
            0.0010091743119266055,
            0.2469724770642202,
            "c",
            0.00009174311926605505,
            0.017339449541284403,
            -0.0011009174311926604,
            0.028623853211009177,
            -0.0011009174311926604,
            0.041834862385321095
        ],
        [
            "M",
            0.5098165137614679,
            0.45990825688073395,
            "c",
            0.03504587155963303,
            -0.005137614678899083,
            0.17477064220183486,
            -0.023211009174311924,
            0.2218348623853211,
            -0.028256880733944955,
            "c",
            0.027155963302752294,
            -0.0029357798165137615,
            0.0426605504587156,
            -0.0010091743119266055,
            0.04293577981651376,
            0.028165137614678898,
            "c",
            0.0005504587155963302,
            0.04422018348623853,
            0.0008256880733944953,
            0.175045871559633,
            0,
            0.24550458715596332,
            "c",
            -0.0002752293577981651,
            0.026238532110091743,
            -0.00045871559633027525,
            0.04403669724770642,
            -0.00045871559633027525,
            0.04577981651376147
        ],
        [
            "M",
            0.5119266055045871,
            0.5523853211009174,
            "c",
            0.06605504587155964,
            -0.008807339449541284,
            0.19908256880733943,
            -0.027155963302752294,
            0.251651376146789,
            -0.028715596330275227
        ],
        [
            "M",
            0.5140366972477064,
            0.6459633027522935,
            "c",
            0.08110091743119266,
            -0.010642201834862385,
            0.1728440366972477,
            -0.0255045871559633,
            0.2498165137614679,
            -0.030825688073394496
        ],
        [
            "M",
            0.5151376146788991,
            0.7460550458715596,
            "C",
            0.6044036697247706,
            0.7328440366972476,
            0.6697247706422018,
            0.7247706422018348,
            0.7638532110091744,
            0.7172477064220184
        ],
        [
            "M",
            0.5707339449541284,
            0.7933027522935779,
            "c",
            0.002660550458715596,
            0.010642201834862385,
