{
    "kanji": "妃",
    "grade": 10,
    "jlpt": 1,
    "meanings": [
        "queen",
        "princess"
    ],
    "kun": [
        "きさき"
    ],
    "on": [
        "ヒ"
    ],
    "strokes": [
        [
            "M",
            0.28495412844036694,
            0.17770642201834863,
            "c",
            0.003669724770642202,
            0.009174311926605505,
            0.005688073394495413,
            0.0218348623853211,
            0.0037614678899082566,
            0.03504587155963303,
            "c",
            -0.00926605504587156,
            0.06495412844036698,
            -0.05761467889908257,
            0.2957798165137615,
            -0.09844036697247707,
            0.3717431192660551,
            "c",
            -0.00834862385321101,
            0.015596330275229357,
            0.0037614678899082566,
            0.02165137614678899,
            0.00834862385321101,
            0.02311926605504587,
            "c",
            0.06211009174311926,
            0.01981651376146789,
            0.10963302752293577,
            0.05018348623853211,
            0.1506422018348624,
            0.09348623853211009,
            "c",
            0.017614678899082567,
            0.01853211009174312,
            0.03394495412844037,
            0.03954128440366972,
            0.04981651376146789,
            0.06302752293577982
        ],
        [
            "M",
            0.3944954128440367,
            0.3430275229357798,
            "c",
            0.0045871559633027525,
            0.01128440366972477,
            0.005871559633027523,
            0.023761467889908256,
            0.003119266055045872,
            0.04064220183486238,
            "C",
            0.3755045871559633,
            0.5198165137614679,
            0.30844036697247706,
            0.7190825688073395,
            0.15137614678899083,
            0.8302752293577982
        ],
        [
            "M",
            0.10779816513761468,
            0.4630275229357798,
            "c",
            0.0045871559633027525,
            0.01293577981651376,
            0.016238532110091745,
            0.016238532110091745,
            0.034403669724770644,
            0.01275229357798165,
            "c",
            0.035596330275229356,
            -0.006788990825688073,
            0.2210091743119266,
            -0.05137614678899082,
            0.30275229357798167,
            -0.07321100917431193
        ],
        [
            "M",
            0.4856880733944954,
            0.21844036697247704,
            "c",
            0.017798165137614678,
            0.0074311926605504595,
            0.03220183486238532,
            0.008715596330275228,
            0.054220183486238534,
            0.005504587155963302,
            "c",
            0.08862385321100917,
            -0.01293577981651376,
            0.23238532110091742,
            -0.025412844036697246,
            0.24596330275229356,
            -0.02688073394495413,
            "c",
            0.017889908256880735,
            -0.001926605504587156,
            0.03431192660550459,
            0.010458715596330274,
            0.027889908256880733,
            0.04064220183486238,
            "c",
            -0.001926605504587156,
            0.008990825688073394,
            -0.020825688073394497,
            0.10302752293577983,
            -0.03339449541284404,
            0.18926605504587155
        ],
        [
            "M",
            0.5003669724770642,
            0.4575229357798165,
            "c",
            0.01110091743119266,
            0.0034862385321100917,
            0.02238532110091743,
            0.007155963302752294,
            0.03660550458715597,
            0.006146788990825688,
            "c",
            0.056605504587155964,
            -0.003853211009174312,
            0.13853211009174313,
            -0.015321100917431192,
            0.22018348623853212,
            -0.023761467889908256,
            "c",
            0.01669724770642202,
            -0.0017431192660550458,
            0.03311926605504587,
            -0.002201834862385321,
            0.04651376146788991,
            -0.002201834862385321
        ],
        [
            "M",
            0.511834862385321,
            0.466697247706422,
            "c",
            0.008440366972477065,
            0.008440366972477065,
            0.012477064220183487,
            0.019541284403669725,
            0.012477064220183487,
            0.03220183486238532,
            "c",
            0,
            0.06403669724770643,
            -0.0001834862385321101,
            0.13807339449541284,
            -0.0001834862385321101,
            0.19605504587155964,
            "C",
            0.5240366972477064,
            0.8165137614678899,
            0.5321100917431193,
            0.8256880733944955,
            0.7018348623853211,
            0.8256880733944955,
            "c",
            0.161651376146789,
            0,
            0.17422018348623852,
            -0.016055045871559634,
            0.17422018348623852,
            -0.10311926605504587
        ]
    ],
    "words": [
        {
            "word": [
                [
                    "妃",
                    "ひ"
                ]
            ],
            "common": true,
            "jlpt": null,
            "meanings": [
                {
                    "type": "Noun, used as a suffix",
                    "meaning": "1. princess; consort "
                },
                {
                    "type": "Noun, used as a suffix",
                    "meaning": "1. princess; consort "
                }
            ],
            "sentences": []
        },
        {
            "word": [
                [
                    "后",
                    "きさき"
                ]
            ],
            "common": false,
            "jlpt": null,
            "meanings": [
                {
                    "type": "Noun",
                    "meaning": "1. empress; queen "
                },
                {
                    "type": "Wikipedia definition",
                    "meaning": "2. Princess consort Princess consort is a title or an informal designation no... Read more"
                },
                {
                    "type": "Other forms",
                    "meaning": "妃 【きさき】、后 【きさい】"
                },
                {
                    "type": "Notes",
                    "meaning": "きさい: Out-dated or obsolete kana usage."
                },
                {
                    "type": "Noun",
                    "meaning": "1. empress; queen "
                },
                {
                    "type": "Wikipedia definition",
                    "meaning": "2. Princess consort Princess consort is a title or an informal designation no... Read more"
                },
                {
                    "type": "Other forms",
                    "meaning": "妃 【きさき】、后 【きさい】"
                },
                {
                    "type": "Notes",
                    "meaning": "きさい: Out-dated or obsolete kana usage."
                }
            ],
            "sentences": []
        },
        {
            "word": [
                [
                    "妃",
                    "ひ"
                ],
                [
                    "殿",
                    "でん"
                ],
                [
                    "下",
                    "か"
                ]
            ],
            "common": false,
            "jlpt": null,
            "meanings": [
                {
                    "type": "Noun",
                    "meaning": "1. princess; Her Royal Highness Honorific or respectful (sonkeigo) language"
                },
                {
                    "type": "Noun",
                    "meaning": "1. princess; Her Royal Highness Honorific or respectful (sonkeigo) language"
                }
            ],