{
    "kanji": "妥",
    "grade": 8,
    "jlpt": 1,
    "frequency": 1102,
    "meanings": [
        "gentle",
        "peace",
        "satisfactory",
        "appropriate"
    ],
    "kun": [
        "ダ"
    ],
    "on": [],
    "strokes": [
        [
            "M",
            0.6081651376146789,
            0.10908256880733945,
            "c",
            -0.001559633027522936,
            0.01128440366972477,
            -0.009816513761467891,
            0.01981651376146789,
            -0.016238532110091745,
            0.024220183486238535,
            "c",
            -0.04027522935779816,
            0.027522935779816515,
            -0.15330275229357798,
            0.07348623853211009,
            -0.3044954128440367,
            0.10293577981651376
        ],
        [
            "M",
            0.23009174311926603,
            0.3238532110091743,
            "c",
            0.024678899082568807,
            0.01889908256880734,
            0.06376146788990826,
            0.07761467889908258,
            0.06990825688073395,
            0.10697247706422018
        ],
        [
            "M",
            0.44385321100917435,
            0.27220183486238536,
            "c",
            0.020366972477064222,
            0.01834862385321101,
            0.0526605504587156,
            0.07541284403669725,
            0.05770642201834862,
            0.10394495412844036
        ],
        [
            "M",
            0.7472477064220183,
            0.22577981651376147,
            "c",
            0.0007339449541284404,
            0.008990825688073394,
            -0.0001834862385321101,
            0.017339449541284403,
            -0.0029357798165137615,
            0.02596330275229358,
            "c",
            -0.013211009174311925,
            0.0408256880733945,
            -0.05733944954128441,
            0.10825688073394496,
            -0.12605504587155963,
            0.1646788990825688
        ],
        [
            "M",
            0.4589908256880734,
            0.45064220183486237,
            "c",
            0.004220183486238533,
            0.01165137614678899,
            0.0037614678899082566,
            0.024770642201834864,
            -0.0021100917431192663,
            0.03834862385321101,
            "c",
            -0.030917431192660553,
            0.07137614678899083,
            -0.07651376146788991,
            0.1346788990825688,
            -0.12587155963302754,
            0.21009174311926604,
            "c",
            -0.013394495412844036,
            0.020550458715596333,
            -0.013394495412844036,
            0.026972477064220183,
            0.009541284403669725,
            0.03,
            "c",
            0.07981651376146788,
            0.010550458715596329,
            0.18100917431192662,
            0.041834862385321095,
            0.2631192660550459,
            0.09055045871559632,
            "c",
            0.046330275229357794,
            0.027522935779816515,
            0.08522935779816512,
            0.058990825688073394,
            0.10724770642201835,
            0.09100917431192661
        ],
        [
            "M",
            0.6341284403669725,
            0.5291743119266055,
            "c",
            0.0011926605504587156,
            0.009724770642201836,
            0.0006422018348623854,
            0.028990825688073395,
            -0.004678899082568807,
            0.04275229357798165,
            "C",
            0.5825688073394495,
            0.6926605504587156,
            0.4908256880733945,
            0.8509174311926605,
            0.2408256880733945,
            0.926605504587156
        ],
        [
            "M",
            0.13192660550458715,
            0.5911009174311928,
            "c",
            0.030917431192660553,
            0.007522935779816513,
            0.056972477064220185,
            0.005229357798165137,
            0.08486238532110092,
            0.002752293577981651,
            "c",
            0.17091743119266053,
            -0.014770642201834864,
            0.39366972477064216,
            -0.028073394495412844,
            0.5700000000000001,
            -0.031467889908256885,
            "c",
            0.02853211009174312,
            -0.0005504587155963302,
            0.06422018348623854,
            0.0006422018348623854,
            0.09174311926605505,
            0.008623853211009174
        ]
    ],
    "words": [
        {
            "word": [
                [
                    "妥",
                    "だ"
                ],
                [
                    "協",
                    "きょう"
                ]
            ],
            "common": true,
            "jlpt": 1,
            "meanings": [
                {
                    "type": "Noun, Suru verb, Intransitive verb",
                    "meaning": "1. compromise; giving in "
                },
                {
                    "type": "Wikipedia definition",
                    "meaning": "2. Compromise To compromise is to make a deal between different parties... Read more"
                },
                {
                    "type": "Noun, Suru verb, Intransitive verb",
                    "meaning": "1. compromise; giving in "
                },
                {
                    "type": "Wikipedia definition",
                    "meaning": "2. Compromise To compromise is to make a deal between different parties... Read more"
                }
            ],
            "sentences": []
        },
        {
            "word": [
                [
                    "妥",
                    "だ"
                ],
                [
                    "当",
                    "とう"
                ]
            ],
            "common": true,
            "jlpt": 2,
            "meanings": [
                {
                    "type": "Na-adjective (keiyodoshi), Noun, Suru verb, Intransitive verb",
                    "meaning": "1. valid; proper; right; appropriate; reasonable "
                },
                {
                    "type": "Na-adjective (keiyodoshi), Noun, Suru verb, Intransitive verb",
                    "meaning": "1. valid; proper; right; appropriate; reasonable "
                }
            ],
            "sentences": []
        },
        {
            "word": [
                [
                    "妥",
                    "だ"
                ],
                [
                    "当",
                    "とう"
                ],
                [
                    "性",
                    "せい"
                ]
            ],
            "common": false,
            "jlpt": null,
            "meanings": [
                {
                    "type": "Noun",
                    "meaning": "1. validity; verification; propriety "
                },
                {
                    "type": "Wikipedia definition",
                    "meaning": "2. Validity In logic, an argument is valid if and only if its conclus... Read more"
                },
                {
                    "type": "Noun",
                    "meaning": "1. validity; verification; propriety "
                },
                {
                    "type": "Wikipedia definition",
                    "meaning": "2. Validity In logic, an argument is valid if and only if its conclus... Read more"
                }
            ],
            "sentences": []
        },
        {
            "word": [
                [
                    "妥",
                    "だ"
                ],
                [
                    "結",
                    "けつ"
                ]
            ],
            "common": true,
            "jlpt": 1,
            "meanings": [
                {
                    "type": "Noun, Suru verb, Intransitive verb",