{
    "kanji": "姻",
    "grade": 8,
    "jlpt": 1,
    "frequency": 1985,
    "meanings": [
        "matrimony",
        "marry"
    ],
    "kun": [
        "イン"
    ],
    "on": [],
    "strokes": [
        [
            "M",
            0.2602752293577982,
            0.16853211009174313,
            "c",
            0.0034862385321100917,
            0.01036697247706422,
            0.005229357798165137,
            0.02743119266055046,
            0.0034862385321100917,
            0.042477064220183484,
            "c",
            -0.008899082568807339,
            0.07394495412844038,
            -0.05614678899082569,
            0.2579816513761468,
            -0.10798165137614678,
            0.38238532110091744,
            "c",
            -0.007522935779816513,
            0.01798165137614679,
            0.003577981651376147,
            0.024770642201834864,
            0.008073394495412844,
            0.0263302752293578,
            "c",
            0.050091743119266056,
            0.017064220183486238,
            0.10146788990825689,
            0.040733944954128444,
            0.14422018348623855,
            0.07899082568807339,
            "c",
            0.024954128440366975,
            0.022293577981651377,
            0.04614678899082569,
            0.04954128440366973,
            0.06816513761467889,
            0.08339449541284404
        ],
        [
            "M",
            0.3669724770642202,
            0.3486238532110092,
            "c",
            0.005688073394495413,
            0.011467889908256881,
            0.005871559633027523,
            0.031376146788990825,
            0.003119266055045872,
            0.04844036697247707,
            "c",
            -0.022293577981651377,
            0.13844036697247705,
            -0.08899082568807339,
            0.3485321100917431,
            -0.2485321100917431,
            0.45155963302752294
        ],
        [
            "M",
            0.0871559633027523,
            0.458348623853211,
            "c",
            0.005688073394495413,
            0.011834862385321101,
            0.013944954128440367,
            0.015229357798165137,
            0.0389908256880734,
            0.009541284403669725,
            "c",
            0.09174311926605505,
            -0.020642201834862386,
            0.17082568807339452,
            -0.04128440366972477,
            0.28211009174311924,
            -0.06908256880733946
        ],
        [
            "M",
            0.4518348623853211,
            0.18357798165137615,
            "c",
            0.00908256880733945,
            0.00908256880733945,
            0.013027522935779816,
            0.02146788990825688,
            0.013119266055045872,
            0.037706422018348625,
            "c",
            0.0007339449541284404,
            0.11238532110091744,
            -0.0011926605504587156,
            0.48853211009174313,
            -0.0011926605504587156,
            0.6456880733944954
        ],
        [
            "M",
            0.4744954128440367,
            0.1989908256880734,
            "C",
            0.5798165137614679,
            0.1848623853211009,
            0.7667889908256881,
            0.1651376146788991,
            0.8373394495412844,
            0.1651376146788991,
            "c",
            0.019357798165137614,
            0,
            0.031926605504587154,
            0.011467889908256881,
            0.031926605504587154,
            0.031009174311926603,
            "c",
            0,
            0.10688073394495413,
            0.0007339449541284404,
            0.4077064220183486,
            0.0009174311926605505,
            0.5985321100917431,
            "c",
            0,
            0.024587155963302753,
            0,
            0.047339449541284405,
            0,
            0.06770642201834862
        ],
        [
            "M",
            0.5322935779816514,
            0.4288990825688073,
            "c",
            0.011376146788990826,
            0.004036697247706422,
            0.030642201834862385,
            0.0014678899082568807,
            0.04238532110091743,
            -0.0001834862385321101,
            "c",
            0.05853211009174312,
            -0.008532110091743119,
            0.11926605504587157,
            -0.018073394495412842,
            0.1720183486238532,
            -0.024678899082568807,
            "c",
            0.016055045871559634,
            -0.002018348623853211,
            0.03018348623853211,
            -0.0009174311926605505,
            0.04623853211009174,
            -0.0009174311926605505
        ],
        [
            "M",
            0.6531192660550459,
            0.24706422018348623,
            "c",
            0.007522935779816513,
            0.007522935779816513,
            0.010183486238532111,
            0.01944954128440367,
            0.01036697247706422,
            0.03431192660550459,
            "c",
            0.0028440366972477065,
            0.22889908256880734,
            -0.048807339449541284,
            0.37568807339449545,
            -0.14128440366972478,
            0.4665137614678899
        ],
        [
            "M",
            0.6662385321100918,
            0.5310091743119266,
            "C",
            0.7122935779816514,
            0.5698165137614679,
            0.7702752293577981,
            0.6398165137614679,
            0.7981651376146789,
            0.7155963302752294
        ],
        [
            "M",
            0.4755963302752294,
            0.8344954128440366,
            "c",
            0.0955045871559633,
            -0.006513761467889908,
            0.278348623853211,
            -0.020275229357798165,
            0.38385321100917436,
            -0.023761467889908256
        ]
    ],
    "words": [
        {
            "word": [
                [
                    "姻",
                    "いん"
                ],
                [
                    "戚",
                    "せき"
                ]
            ],
            "common": false,
            "jlpt": null,
            "meanings": [
                {
                    "type": "Noun",
                    "meaning": "1. in-law; relative by marriage "
                },
                {
                    "type": "Noun",
                    "meaning": "1. in-law; relative by marriage "
                }
            ],
            "sentences": []
        },
        {
            "word": [
                [
                    "姻",
                    "いん"
                ],
                [
                    "戚",
                    "せき"
                ],
                [
                    "関",
                    "かん"
                ],
                [
                    "係",
                    "けい"
                ]
            ],
            "common": false,
            "jlpt": null,
            "meanings": [
                {
                    "type": "Noun",
                    "meaning": "1. relation by marriage "
                },
                {
                    "type": "Noun",
                    "meaning": "1. relation by marriage "
                }
            ],
            "sentences": []
        },
        {
            "word": [
                [
                    "姻",
                    "いん"
                ],
                [
                    "族",
                    "ぞく"
                ]
            ],
            "common": false,
            "jlpt": null,
            "meanings": [
                {
                    "type": "Noun",
                    "meaning": "1. in-law; relative by marriage; relation by affinity Formal or literary term, See also 血族"
                },
                {
                    "type": "Noun",
                    "meaning": "1. in-law; relative by marriage; relation by affinity Formal or literary term, See also 血族"
                }
            ],