{
    "kanji": "娯",
    "grade": 10,
    "jlpt": 1,
    "meanings": [
        "recreation",
        "pleasure"
    ],
    "kun": [
        "ゴ"
    ],
    "on": [],
    "strokes": [
        [
            "M",
            0.27275229357798164,
            0.1914678899082569,
            "c",
            0.003577981651376147,
            0.008623853211009174,
            0.005321100917431192,
            0.020458715596330276,
            0.003577981651376147,
            0.03293577981651376,
            "c",
            -0.008990825688073394,
            0.06137614678899083,
            -0.05724770642201835,
            0.24238532110091746,
            -0.09752293577981652,
            0.3304587155963303,
            "c",
            -0.006972477064220183,
            0.015321100917431192,
            -0.006697247706422018,
            0.017431192660550456,
            0.0081651376146789,
            0.0218348623853211,
            "c",
            0.06486238532110092,
            0.019357798165137614,
            0.10954128440366973,
            0.051834862385321104,
            0.1434862385321101,
            0.09302752293577982,
            "c",
            0.014495412844036697,
            0.017614678899082567,
            0.02724770642201835,
            0.038073394495412846,
            0.03889908256880734,
            0.06220183486238532
        ],
        [
            "M",
            0.36926605504587157,
            0.3659633027522936,
            "c",
            0.0007339449541284404,
            0.01073394495412844,
            0.005871559633027523,
            0.019908256880733943,
            0.003119266055045872,
            0.0355045871559633,
            "c",
            -0.02220183486238532,
            0.12614678899082568,
            -0.0863302752293578,
            0.30504587155963303,
            -0.24504587155963303,
            0.3988990825688073
        ],
        [
            "M",
            0.11467889908256881,
            0.4186238532110092,
            "c",
            0.006880733944954129,
            0.007706422018348624,
            0.016238532110091745,
            0.014311926605504588,
            0.034403669724770644,
            0.011376146788990826,
            "c",
            0.04128440366972477,
            -0.006788990825688073,
            0.14678899082568808,
            -0.025137614678899085,
            0.25688073394495414,
            -0.04807339449541285
        ],
        [
            "M",
            0.5264220183486239,
            0.1743119266055046,
            "c",
            0.006880733944954129,
            0.006880733944954129,
            0.01165137614678899,
            0.015596330275229357,
            0.012201834862385321,
            0.025137614678899085,
            "c",
            0.006330275229357797,
            0.030825688073394496,
            0.013027522935779816,
            0.08256880733944955,
            0.018256880733944953,
            0.12844036697247707,
            "c",
            0.0016513761467889907,
            0.014128440366972478,
            0.003119266055045872,
            0.027614678899082565,
            0.004311926605504587,
            0.03981651376146789
        ],
        [
            "M",
            0.5451376146788991,
            0.1908256880733945,
            "c",
            0.056972477064220185,
            -0.009357798165137614,
            0.15816513761467887,
            -0.02238532110091743,
            0.2048623853211009,
            -0.026972477064220183,
            "c",
            0.01834862385321101,
            -0.001834862385321101,
            0.037981651376146786,
            0.006422018348623853,
            0.03403669724770642,
            0.02853211009174312,
            "c",
            -0.007339449541284404,
            0.0408256880733945,
            -0.015779816513761466,
            0.07596330275229357,
            -0.031467889908256885,
            0.13458715596330276
        ],
        [
            "M",
            0.5639449541284404,
            0.3507339449541284,
            "c",
            0.031009174311926603,
            -0.002660550458715596,
            0.11779816513761468,
            -0.010275229357798166,
            0.1746788990825688,
            -0.014862385321100919,
            "c",
            0.015229357798165137,
            -0.0011926605504587156,
            0.028807339449541284,
            -0.002201834862385321,
            0.03935779816513762,
            -0.0028440366972477065
        ],
        [
            "M",
            0.45844036697247703,
            0.30788990825688073,
            "c",
            0.007889908256880733,
            0.007889908256880733,
            0.011743119266055046,
            0.020091743119266054,
            0.011009174311926604,
            0.036788990825688074,
            "c",
            -0.001559633027522936,
            0.03605504587155964,
            -0.0012844036697247708,
            0.0781651376146789,
            -0.0023853211009174312,
            0.11458715596330275,
            "c",
            -0.0003669724770642202,
            0.012110091743119267,
            0.004495412844036697,
            0.02073394495412844,
            0.020275229357798165,
            0.01889908256880734,
            "c",
            0.044954128440366975,
            -0.005137614678899083,
            0.22541284403669726,
            -0.024036697247706424,
            0.28559633027522935,
            -0.024036697247706424,
            "c",
            0.02642201834862385,
            0,
            0.03211009174311927,
            0.011467889908256881,
            0.023394495412844035,
            0.03743119266055046,
            "c",
            -0.010275229357798166,
            0.030825688073394496,
            -0.014220183486238533,
            0.04513761467889908,
            -0.02522935779816514,
            0.09706422018348623
        ],
        [
            "M",
            0.39394495412844033,
            0.619816513761468,
            "c",
            0.024587155963302753,
            0.006330275229357797,
            0.04513761467889908,
            0.005963302752293578,
            0.06596330275229358,
            0.003669724770642202,
            "c",
            0.08798165137614679,
            -0.009908256880733945,
            0.25541284403669723,
            -0.02018348623853211,
            0.36357798165137617,
            -0.023853211009174313,
            "c",
            0.023577981651376145,
            -0.0007339449541284404,
            0.050366972477064224,
            0.0001834862385321101,
            0.06880733944954129,
            0.004862385321100918
        ],
        [
            "M",
            0.559908256880734,
            0.6925688073394495,
            "c",
            0,
            0.00926605504587156,
            -0.0045871559633027525,
            0.017339449541284403,
            -0.010550458715596329,
            0.024678899082568807,
            "c",
            -0.027522935779816515,
            0.03385321100917431,
            -0.08834862385321102,
            0.0808256880733945,
            -0.1922935779816514,
            0.1348623853211009
        ],
        [
            "M",
            0.7043119266055046,
            0.6922018348623854,
            "c",
            0.05137614678899082,
            0.02908256880733945,
            0.12807339449541286,
            0.11256880733944953,
            0.14073394495412844,
            0.15577981651376147
        ]
    ],
    "words": [
        {
            "word": [
                [
                    "楽",
                    "たの"
                ],
                [
                    "し",
                    null
                ],
                [
                    "い",
                    null
                ]
            ],
            "common": true,
            "jlpt": 5,