{
    "kanji": "宰",
    "grade": 10,
    "jlpt": 1,
    "meanings": [
        "superintend",
        "manager",
        "rule"
    ],
    "kun": [
        "サイ"
    ],
    "on": [],
    "strokes": [
        [
            "M",
            0.49238532110091743,
            0.07568807339449542,
            "c",
            0.013027522935779816,
            0.013027522935779816,
            0.015321100917431192,
            0.02522935779816514,
            0.015321100917431192,
            0.04339449541284404,
            "c",
            0,
            0.03302752293577982,
            -0.0007339449541284404,
            0.05045871559633028,
            -0.0007339449541284404,
            0.08045871559633028
        ],
        [
            "M",
            0.2053211009174312,
            0.20871559633027523,
            "c",
            0,
            0.03788990825688073,
            -0.02853211009174312,
            0.14220183486238533,
            -0.04146788990825688,
            0.16743119266055045
        ],
        [
            "M",
            0.21431192660550458,
            0.23706422018348625,
            "C",
            0.38073394495412843,
            0.22018348623853212,
            0.5952293577981651,
            0.19724770642201836,
            0.7756880733944954,
            0.18871559633027524,
            "c",
            0.10724770642201835,
            -0.005045871559633028,
            0.02165137614678899,
            0.06522935779816515,
            -0.003853211009174312,
            0.08311926605504588
        ],
        [
            "M",
            0.48908256880733947,
            0.27293577981651373,
            "c",
            0.008715596330275228,
            0.006605504587155963,
            0.013119266055045872,
            0.018073394495412842,
            0.013119266055045872,
            0.03339449541284404,
            "c",
            0,
            0.006788990825688073,
            0,
            0.030825688073394496,
            0,
            0.05045871559633028
        ],
        [
            "M",
            0.2721100917431193,
            0.3828440366972477,
            "c",
            0.02238532110091743,
            0.006330275229357797,
            0.049082568807339445,
            0.0025688073394495416,
            0.07192660550458715,
            0.00009174311926605505,
            "c",
            0.0891743119266055,
            -0.009816513761467891,
            0.2410091743119266,
            -0.02587155963302752,
            0.32807339449541284,
            -0.030642201834862385,
            "c",
            0.024954128440366975,
            -0.0013761467889908255,
            0.04697247706422018,
            0.0017431192660550458,
            0.07155963302752294,
            0.005871559633027523
        ],
        [
            "M",
            0.3670642201834862,
            0.41605504587155967,
            "c",
            0.03293577981651376,
            0.042477064220183484,
            0.047889908256880734,
            0.08587155963302752,
            0.050917431192660546,
            0.11385321100917431
        ],
        [
            "M",
            0.6320183486238532,
            0.3884403669724771,
            "c",
            0.0033027522935779813,
            0.00834862385321101,
            0.002201834862385321,
            0.0181651376146789,
            -0.002477064220183486,
            0.02944954128440367,
            "c",
            -0.010275229357798166,
            0.024770642201834864,
            -0.050091743119266056,
            0.09440366972477063,
            -0.06348623853211009,
            0.11504587155963301
        ],
        [
            "M",
            0.1614678899082569,
            0.5694495412844037,
            "c",
            0.02944954128440367,
            0.007889908256880733,
            0.062293577981651374,
            0.005596330275229358,
            0.0920183486238532,
            0.002477064220183486,
            "c",
            0.16155963302752294,
            -0.01688073394495413,
            0.35541284403669726,
            -0.0318348623853211,
            0.5102752293577981,
            -0.03715596330275229,
            "c",
            0.032844036697247704,
            -0.0011009174311926604,
            0.06504587155963303,
            -0.00009174311926605505,
            0.09761467889908257,
            0.005229357798165137
        ],
        [
            "M",
            0.228348623853211,
            0.7197247706422019,
            "c",
            0.031926605504587154,
            0.006238532110091744,
            0.05972477064220183,
            0.005137614678899083,
            0.0881651376146789,
            0.001559633027522936,
            "c",
            0.12724770642201835,
            -0.015963302752293577,
            0.26064220183486236,
            -0.021100917431192658,
            0.38082568807339445,
            -0.029724770642201838,
            "c",
            0.029724770642201838,
            -0.0021100917431192663,
            0.061192660550458716,
            -0.003027522935779817,
            0.09036697247706421,
            0.0032110091743119264
        ],
        [
            "M",
            0.4898165137614679,
            0.5722935779816514,
            "c",
            0.00908256880733945,
            0.00908256880733945,
            0.010825688073394495,
            0.021743119266055048,
            0.010825688073394495,
            0.04091743119266055,
            "c",
            0,
            0.06403669724770643,
            0.0001834862385321101,
            0.17256880733944954,
            0.0002752293577981651,
            0.2536697247706422,
            "c",
            0,
            0.02522935779816514,
            0,
            0.04706422018348624,
            0,
            0.06311926605504586
        ]
    ],
    "words": [
        {
            "word": [
                [
                    "宰",
                    "さい"
                ],
                [
                    "相",
                    "しょう"
                ]
            ],
            "common": true,
            "jlpt": null,
            "meanings": [
                {
                    "type": "Noun",
                    "meaning": "1. prime minister; premier; chancellor See also 首相"
                },
                {
                    "type": "Noun",
                    "meaning": "1. prime minister; premier; chancellor See also 首相"
                }
            ],
            "sentences": []
        },
        {
            "word": [
                [
                    "宰",
                    "さい"
                ],
                [
                    "領",
                    "りょう"
                ]
            ],
            "common": false,
            "jlpt": null,
            "meanings": [
                {
                    "type": "Noun, Suru verb, Transitive verb",
                    "meaning": "1. supervision; superintendence; management; supervisor "
                },
                {
                    "type": "Place",
                    "meaning": "2. Sairyou "
                },
                {
                    "type": "Noun, Suru verb, Transitive verb",
                    "meaning": "1. supervision; superintendence; management; supervisor "
                },
                {
                    "type": "Place",
                    "meaning": "2. Sairyou "
                }
            ],
            "sentences": []
        },
        {
            "word": [
                [
                    "屠",
                    "ほふ"
                ],
                [
                    "る",
                    null
                ]
            ],
            "common": false,
            "jlpt": null,
            "meanings": [
                {
                    "type": "Godan verb with 'ru' ending, Transitive verb",