{
    "kanji": "岬",
    "grade": 10,
    "jlpt": 1,
    "meanings": [
        "headland",
        "cape",
        "spit",
        "promontory"
    ],
    "kun": [
        "みさき"
    ],
    "on": [
        "コウ"
    ],
    "strokes": [
        [
            "M",
            0.2403669724770642,
            0.1720183486238532,
            "c",
            0.01,
            0.01,
            0.011559633027522935,
            0.022935779816513763,
            0.011559633027522935,
            0.038256880733944953,
            "c",
            0,
            0.06926605504587156,
            0,
            0.3791743119266055,
            0,
            0.4761467889908257
        ],
        [
            "M",
            0.13110091743119265,
            0.4244036697247706,
            "c",
            0.00834862385321101,
            0.00834862385321101,
            0.009908256880733945,
            0.020550458715596333,
            0.009908256880733945,
            0.03330275229357798,
            "c",
            0,
            0.050733944954128446,
            0,
            0.1546788990825688,
            -0.008715596330275228,
            0.2418348623853211,
            "c",
            -0.0016513761467889907,
            0.01669724770642202,
            0.0017431192660550458,
            0.020366972477064222,
            0.01669724770642202,
            0.016605504587155963,
            "c",
            0.08495412844036697,
            -0.021192660550458715,
            0.15605504587155966,
            -0.03495412844036697,
            0.21568807339449542,
            -0.04688073394495413
        ],
        [
            "M",
            0.3689908256880734,
            0.3959633027522935,
            "c",
            0.009174311926605505,
            0.009174311926605505,
            0.009908256880733945,
            0.02146788990825688,
            0.009908256880733945,
            0.0344954128440367,
            "c",
            0,
            0.03504587155963303,
            -0.003027522935779817,
            0.15431192660550458,
            -0.003027522935779817,
            0.21394495412844036,
            "c",
            0,
            0.01889908256880734,
            -0.0008256880733944953,
            0.03743119266055046,
            -0.0008256880733944953,
            0.05495412844036698
        ],
        [
            "M",
            0.44174311926605503,
            0.16522935779816514,
            "c",
            0.00963302752293578,
            0.00963302752293578,
            0.013119266055045872,
            0.020458715596330276,
            0.013761467889908258,
            0.02853211009174312,
            "c",
            0.006605504587155963,
            0.08376146788990826,
            0.017339449541284403,
            0.18192660550458714,
            0.0255045871559633,
            0.2877981651376147,
            "c",
            0.0017431192660550458,
            0.022293577981651377,
            0.0033027522935779813,
            0.041926605504587156,
            0.0045871559633027525,
            0.06284403669724771
        ],
        [
            "M",
            0.46009174311926604,
            0.18440366972477065,
            "c",
            0.10220183486238532,
            -0.013669724770642202,
            0.2537614678899083,
            -0.03403669724770642,
            0.33926605504587154,
            -0.0426605504587156,
            "c",
            0.041926605504587156,
            -0.004220183486238533,
            0.06798165137614678,
            0.0021100917431192663,
            0.0653211009174312,
            0.049724770642201835,
            "c",
            -0.003119266055045872,
            0.05587155963302752,
            -0.01036697247706422,
            0.16862385321100917,
            -0.018073394495412842,
            0.25807339449541283,
            "c",
            -0.0029357798165137615,
            0.033486238532110094,
            -0.005963302752293578,
            0.04807339449541285,
            -0.008990825688073394,
            0.07036697247706422
        ],
        [
            "M",
            0.4808256880733945,
            0.3523853211009174,
            "c",
            0.07302752293577981,
            -0.010642201834862385,
            0.2702752293577982,
            -0.03357798165137615,
            0.3638532110091743,
            -0.03834862385321101
        ],
        [
            "M",
            0.493302752293578,
            0.5184403669724771,
            "c",
            0.11110091743119266,
            -0.014954128440366971,
            0.23440366972477064,
            -0.024036697247706424,
            0.34073394495412845,
            -0.03018348623853211
        ],
        [
            "M",
            0.6429357798165137,
            0.18605504587155963,
            "c",
            0.009816513761467891,
            0.009816513761467891,
            0.01330275229357798,
            0.02146788990825688,
            0.01330275229357798,
            0.0373394495412844,
            "c",
            0,
            0.07128440366972477,
            -0.0005504587155963302,
            0.46376146788990824,
            0.0001834862385321101,
            0.6253211009174312,
            "c",
            0.0001834862385321101,
            0.03779816513761468,
            0.0002752293577981651,
            0.06302752293577982,
            0.0002752293577981651,
            0.06844036697247706
        ]
    ],
    "words": [
        {
            "word": [
                [
                    "岬",
                    "みさき"
                ]
            ],
            "common": true,
            "jlpt": 2,
            "meanings": [
                {
                    "type": "Noun",
                    "meaning": "1. cape (on coast) "
                },
                {
                    "type": "Other forms",
                    "meaning": "崎 【みさき】"
                },
                {
                    "type": "Noun",
                    "meaning": "1. cape (on coast) "
                },
                {
                    "type": "Other forms",
                    "meaning": "崎 【みさき】"
                }
            ],
            "sentences": []
        },
        {
            "word": [
                [
                    "崎",
                    "さき"
                ]
            ],
            "common": true,
            "jlpt": null,
            "meanings": [
                {
                    "type": "Noun",
                    "meaning": "1. small peninsula; cape; promontory; headland See also 岬 みさき"
                },
                {
                    "type": "Wikipedia definition",
                    "meaning": "2. Cape (geography) In geography, a cape is a headland or promontory of signi... Read more"
                },
                {
                    "type": "Other forms",
                    "meaning": "岬 【さき】、埼 【さき】、碕 【さき】、﨑 【さき】"
                },
                {
                    "type": "Noun",
                    "meaning": "1. small peninsula; cape; promontory; headland See also 岬 みさき"
                },
                {
                    "type": "Wikipedia definition",
                    "meaning": "2. Cape (geography) In geography, a cape is a headland or promontory of signi... Read more"
                },
                {
                    "type": "Other forms",
                    "meaning": "岬 【さき】、埼 【さき】、碕 【さき】、﨑 【さき】"
                }
            ],
            "sentences": []
        },
        {
            "word": [
                [
                    "岬",
                    "こう"
                ],
                [
                    "角",
                    "かく"
                ]
            ],
            "common": false,
            "jlpt": null,
            "meanings": [
                {
                    "type": "Noun",