{
    "kanji": "峠",
    "grade": 10,
    "jlpt": 1,
    "meanings": [
        "mountain peak",
        "mountain pass",
        "climax",
        "crest",
        "(kokuji)"
    ],
    "kun": [
        "とうげ"
    ],
    "on": [],
    "strokes": [
        [
            "M",
            0.24155963302752292,
            0.1834862385321101,
            "c",
            0.009908256880733945,
            0.009908256880733945,
            0.013394495412844036,
            0.022935779816513763,
            0.013394495412844036,
            0.03889908256880734,
            "c",
            0,
            0.07577981651376146,
            0.0002752293577981651,
            0.2420183486238532,
            0.0002752293577981651,
            0.345045871559633
        ],
        [
            "M",
            0.12880733944954129,
            0.38899082568807336,
            "c",
            0.00944954128440367,
            0.00944954128440367,
            0.009908256880733945,
            0.01926605504587156,
            0.009908256880733945,
            0.030825688073394496,
            "c",
            0,
            0.05045871559633028,
            0.0011926605504587156,
            0.1020183486238532,
            -0.006422018348623853,
            0.17889908256880735,
            "c",
            -0.0016513761467889907,
            0.016605504587155963,
            0.0022935779816513763,
            0.02192660550458716,
            0.01669724770642202,
            0.01651376146788991,
            "c",
            0.10211009174311927,
            -0.03834862385321101,
            0.1456880733944954,
            -0.053302752293577976,
            0.23403669724770643,
            -0.08311926605504588
        ],
        [
            "M",
            0.38045871559633027,
            0.3195412844036697,
            "c",
            0.008899082568807339,
            0.008899082568807339,
            0.012201834862385321,
            0.021009174311926605,
            0.012201834862385321,
            0.03431192660550459,
            "c",
            0,
            0.039449541284403665,
            0.0005504587155963302,
            0.09596330275229359,
            0.0005504587155963302,
            0.15752293577981652,
            "c",
            0,
            0.031009174311926603,
            -0.0011009174311926604,
            0.056972477064220185,
            -0.0011009174311926604,
            0.08486238532110092
        ],
        [
            "M",
            0.6269724770642202,
            0.11816513761467891,
            "c",
            0.010458715596330274,
            0.010458715596330274,
            0.012568807339449543,
            0.020550458715596333,
            0.012568807339449543,
            0.03385321100917431,
            "c",
            0,
            0.006697247706422018,
            -0.0008256880733944953,
            0.1626605504587156,
            -0.0008256880733944953,
            0.20688073394495413
        ],
        [
            "M",
            0.6509174311926605,
            0.2296330275229358,
            "c",
            0.018807339449541282,
            -0.0017431192660550458,
            0.12954128440366972,
            -0.018256880733944953,
            0.1398165137614679,
            -0.018256880733944953,
            "s",
            0.024128440366972478,
            -0.0022935779816513763,
            0.03247706422018349,
            -0.0005504587155963302
        ],
        [
            "M",
            0.4734862385321101,
            0.37871559633027524,
            "c",
            0.018440366972477064,
            0.005137614678899083,
            0.03880733944954129,
            0.0023853211009174312,
            0.05752293577981651,
            0.0007339449541284404,
            "c",
            0.07568807339449542,
            -0.006513761467889908,
            0.1865137614678899,
            -0.020825688073394497,
            0.30275229357798167,
            -0.028440366972477066,
            "c",
            0.017798165137614678,
            -0.0011926605504587156,
            0.03394495412844037,
            -0.0017431192660550458,
            0.05146788990825688,
            0.0011926605504587156
        ],
        [
            "M",
            0.47706422018348627,
            0.5068807339449541,
            "c",
            0.017155963302752295,
            0.005504587155963302,
            0.03889908256880734,
            0.002201834862385321,
            0.05623853211009174,
            0.0005504587155963302,
            "c",
            0.11155963302752293,
            -0.010458715596330274,
            0.2118348623853211,
            -0.020458715596330276,
            0.3015596330275229,
            -0.028899082568807338,
            "c",
            0.019357798165137614,
            -0.001834862385321101,
            0.03660550458715597,
            -0.002018348623853211,
            0.05504587155963303,
            0.005412844036697248
        ],
        [
            "M",
            0.635045871559633,
            0.5229357798165137,
            "c",
            0.010458715596330274,
            0.010458715596330274,
            0.012018348623853212,
            0.023394495412844035,
            0.012018348623853212,
            0.04174311926605504,
            "c",
            0,
            0.07724770642201835,
            0.0001834862385321101,
            0.19321100917431192,
            0.0007339449541284404,
            0.27366972477064216,
            "c",
            0.00009174311926605505,
            0.020091743119266054,
            -0.0009174311926605505,
            0.038073394495412846,
            -0.0009174311926605505,
            0.052752293577981654
        ],
        [
            "M",
            0.6796330275229358,
            0.5955963302752294,
            "C",
            0.7304587155963304,
            0.6100917431192661,
            0.786697247706422,
            0.6422018348623854,
            0.823394495412844,
            0.6891743119266055
        ]
    ],
    "words": [
        {
            "word": [
                [
                    "峠",
                    "とうげ"
                ]
            ],
            "common": true,
            "jlpt": 2,
            "meanings": [
                {
                    "type": "Noun, Noun, used as a suffix",
                    "meaning": "1. (mountain) pass; highest point on a mountain road; ridge "
                },
                {
                    "type": "Noun",
                    "meaning": "2. peak (e.g. of summer); worst (e.g. of an illness); crisis; critical point; most difficult part "
                },
                {
                    "type": "Wikipedia definition",
                    "meaning": "3. Mountain pass A mountain pass (also gap, notch, col, saddle, hause, bwl... Read more"
                },
                {
                    "type": "Noun, Noun, used as a suffix",
                    "meaning": "1. (mountain) pass; highest point on a mountain road; ridge "
                },
                {
                    "type": "Noun",
                    "meaning": "2. peak (e.g. of summer); worst (e.g. of an illness); crisis; critical point; most difficult part "
                },
                {
                    "type": "Wikipedia definition",
                    "meaning": "3. Mountain pass A mountain pass (also gap, notch, col, saddle, hause, bwl... Read more"
                }
            ],
            "sentences": []
        },
        {
            "word": [
                [
                    "峠",
                    "とうげ"
                ],
                [
                    "を",
                    null
                ],
                [
                    "越",
                    "こ"
                ],
                [
                    "す",
                    null
                ]
            ],
            "common": false,
            "jlpt": null,