{
    "kanji": "帥",
    "grade": 10,
    "jlpt": 1,
    "meanings": [
        "commander",
        "leading troops",
        "governor"
    ],
    "kun": [
        "スイ"
    ],
    "on": [],
    "strokes": [
        [
            "M",
            0.316605504587156,
            0.1343119266055046,
            "c",
            0.0003669724770642202,
            0.0032110091743119264,
            -0.002660550458715596,
            0.01110091743119266,
            -0.005321100917431192,
            0.015137614678899082,
            "C",
            0.28211009174311924,
            0.1926605504587156,
            0.23853211009174313,
            0.22477064220183487,
            0.173302752293578,
            0.2700917431192661
        ],
        [
            "M",
            0.1563302752293578,
            0.2806422018348624,
            "c",
            0.009174311926605505,
            0.009174311926605505,
            0.010642201834862385,
            0.020917431192660547,
            0.010642201834862385,
            0.036238532110091745,
            "c",
            0,
            0.007155963302752294,
            -0.0002752293577981651,
            0.3391743119266055,
            -0.00045871559633027525,
            0.47779816513761464,
            "c",
            -0.00009174311926605505,
            0.03495412844036697,
            -0.00009174311926605505,
            0.05522935779816513,
            -0.0001834862385321101,
            0.05733944954128441
        ],
        [
            "M",
            0.17779816513761468,
            0.3302752293577982,
            "c",
            0.05724770642201835,
            -0.008073394495412844,
            0.12981651376146788,
            -0.02192660550458716,
            0.1718348623853211,
            -0.029174311926605506,
            "c",
            0.028623853211009177,
            -0.004954128440366972,
            0.04146788990825688,
            0.0009174311926605505,
            0.03577981651376147,
            0.0326605504587156,
            "c",
            -0.005871559633027523,
            0.03330275229357798,
            -0.013027522935779816,
            0.07055045871559633,
            -0.025137614678899085,
            0.11715596330275228
        ],
        [
            "M",
            0.17816513761467892,
            0.48311926605504585,
            "c",
            0.06761467889908257,
            -0.009174311926605505,
            0.11660550458715598,
            -0.015963302752293577,
            0.15889908256880733,
            -0.02073394495412844,
            "c",
            0.015871559633027523,
            -0.001834862385321101,
            0.02981651376146789,
            -0.0033027522935779813,
            0.04174311926605504,
            -0.0045871559633027525
        ],
        [
            "M",
            0.1753211009174312,
            0.6386238532110091,
            "c",
            0.07357798165137615,
            -0.015871559633027523,
            0.15339449541284403,
            -0.030733944954128442,
            0.1840366972477064,
            -0.035688073394495416,
            "c",
            0.026055045871559632,
            -0.004220183486238533,
            0.038073394495412846,
            0.012201834862385321,
            0.034678899082568805,
            0.028256880733944955,
            "c",
            -0.008623853211009174,
            0.04091743119266055,
            -0.00963302752293578,
            0.05486238532110092,
            -0.023853211009174313,
            0.11697247706422019
        ],
        [
            "M",
            0.17889908256880735,
            0.7844036697247706,
            "c",
            0.04027522935779816,
            -0.0039449541284403665,
            0.11220183486238533,
            -0.013486238532110091,
            0.17174311926605504,
            -0.02,
            "c",
            0.014587155963302753,
            -0.001559633027522936,
            0.028440366972477066,
            -0.003027522935779817,
            0.0408256880733945,
            -0.004128440366972477
        ],
        [
            "M",
            0.4870642201834863,
            0.3513761467889908,
            "c",
            0.008532110091743119,
            0.008532110091743119,
            0.010642201834862385,
            0.018990825688073393,
            0.010642201834862385,
            0.03330275229357798,
            "c",
            0,
            0.0034862385321100917,
            0.0005504587155963302,
            0.1371559633027523,
            0.0007339449541284404,
            0.21743119266055044,
            "c",
            0.00009174311926605505,
            0.032293577981651375,
            0.00009174311926605505,
            0.05587155963302752,
            0,
            0.058990825688073394
        ],
        [
            "M",
            0.5018348623853212,
            0.3605504587155963,
            "c",
            0.11055045871559634,
            -0.018807339449541282,
            0.2377981651376147,
            -0.035229357798165134,
            0.30788990825688073,
            -0.0436697247706422,
            "c",
            0.03403669724770642,
            -0.004036697247706422,
            0.04981651376146789,
            0.005321100917431192,
            0.04981651376146789,
            0.04201834862385321,
            "c",
            0,
            0.0871559633027523,
            -0.003027522935779817,
            0.2011926605504587,
            -0.016972477064220184,
            0.2702752293577982,
            "c",
            -0.010642201834862385,
            0.0528440366972477,
            -0.04477064220183486,
            0.007247706422018349,
            -0.056972477064220185,
            -0.01091743119266055
        ],
        [
            "M",
            0.6556880733944954,
            0.1296330275229358,
            "c",
            0.00926605504587156,
            0.00926605504587156,
            0.012844036697247705,
            0.020550458715596333,
            0.012844036697247705,
            0.03724770642201834,
            "c",
            0,
            0.04678899082568807,
            -0.0011009174311926604,
            0.5785321100917431,
            -0.0011009174311926604,
            0.6519266055045871,
            "c",
            0,
            0.0218348623853211,
            0.0002752293577981651,
            0.06743119266055045,
            0,
            0.07688073394495414
        ]
    ],
    "words": [
        {
            "word": [
                [
                    "帥",
                    "そち"
                ]
            ],
            "common": false,
            "jlpt": null,
            "meanings": [
                {
                    "type": "Noun",
                    "meaning": "1. director of the Dazaifu See also 大宰府"
                },
                {
                    "type": "Other forms",
                    "meaning": "帥 【そつ】"
                },
                {
                    "type": "Noun",
                    "meaning": "1. director of the Dazaifu See also 大宰府"
                },
                {
                    "type": "Other forms",
                    "meaning": "帥 【そつ】"
                }
            ],
            "sentences": []
        },
        {
            "word": [
                [
                    "率",
                    "そっ"
                ],
                [
                    "先",
                    "せん"
                ]
            ],
            "common": true,
            "jlpt": null,
            "meanings": [
                {
                    "type": "Noun, Suru verb, Intransitive verb",
                    "meaning": "1. taking the initiative "
                },
                {
                    "type": "Other forms",
                    "meaning": "帥先 【そっせん】"
                },
                {
                    "type": "Notes",