{
    "kanji": "庸",
    "grade": 8,
    "jlpt": 1,
    "frequency": 2038,
    "meanings": [
        "commonplace",
        "ordinary",
        "employment"
    ],
    "kun": [
        "ヨウ"
    ],
    "on": [],
    "strokes": [
        [
            "M",
            0.5005504587155963,
            0.08605504587155964,
            "c",
            0.01,
            0.01,
            0.013853211009174311,
            0.02284403669724771,
            0.013853211009174311,
            0.038073394495412846,
            "c",
            0,
            0.007247706422018349,
            -0.0006422018348623854,
            0.038623853211009175,
            -0.0006422018348623854,
            0.06614678899082568
        ],
        [
            "M",
            0.1961467889908257,
            0.22458715596330275,
            "c",
            0.027339449541284404,
            0.009724770642201836,
            0.0636697247706422,
            0.005963302752293578,
            0.09174311926605505,
            0.002201834862385321,
            "c",
            0.14220183486238533,
            -0.019174311926605504,
            0.29862385321100915,
            -0.040733944954128444,
            0.4541284403669725,
            -0.04651376146788991,
            "c",
            0.03,
            -0.0011009174311926604,
            0.059908256880733944,
            -0.0001834862385321101,
            0.08944954128440367,
            0.006146788990825688
        ],
        [
            "M",
            0.22926605504587155,
            0.23853211009174313,
            "c",
            0.008623853211009174,
            0.008623853211009174,
            0.010550458715596329,
            0.022110091743119266,
            0.010642201834862385,
            0.042201834862385317,
            "c",
            0.0008256880733944953,
            0.19862385321100917,
            -0.03128440366972477,
            0.42,
            -0.13623853211009174,
            0.5561467889908257
        ],
        [
            "M",
            0.3287155963302752,
            0.30412844036697245,
            "c",
            0.02220183486238532,
            0.005504587155963302,
            0.03981651376146789,
            0.007706422018348624,
            0.06238532110091743,
            0.004311926605504587,
            "C",
            0.5045871559633027,
            0.29128440366972475,
            0.6220183486238532,
            0.27522935779816515,
            0.6959633027522936,
            0.27522935779816515,
            "c",
            0.024128440366972478,
            0,
            0.03935779816513762,
            0.00963302752293578,
            0.03431192660550459,
            0.03458715596330275,
            "c",
            -0.008623853211009174,
            0.04201834862385321,
            -0.015321100917431192,
            0.06678899082568808,
            -0.027155963302752294,
            0.14293577981651376
        ],
        [
            "M",
            0.29752293577981653,
            0.3948623853211009,
            "c",
            0.029174311926605506,
            0.0032110091743119264,
            0.05513761467889908,
            0.0037614678899082566,
            0.08440366972477063,
            -0.00009174311926605505,
            "C",
            0.5252293577981652,
            0.3761467889908257,
            0.6596330275229358,
            0.3615596330275229,
            0.7706422018348624,
            0.3536697247706422,
            "c",
            0.029357798165137616,
            -0.0021100917431192663,
            0.05651376146788991,
            -0.002752293577981651,
            0.0855045871559633,
            0.003027522935779817
        ],
        [
            "M",
            0.3463302752293578,
            0.4820183486238532,
            "c",
            0.019633027522935782,
            0.0023853211009174312,
            0.036146788990825685,
            0.005688073394495413,
            0.05614678899082569,
            0.004311926605504587,
            "c",
            0.08522935779816512,
            -0.0057798165137614675,
            0.1865137614678899,
            -0.02018348623853211,
            0.27073394495412845,
            -0.028623853211009177,
            "c",
            0.020825688073394497,
            -0.0021100917431192663,
            0.040733944954128444,
            -0.003577981651376147,
            0.06165137614678899,
            -0.0014678899082568807
        ],
        [
            "M",
            0.3221100917431193,
            0.5624770642201835,
            "c",
            0.009541284403669725,
            0.009541284403669725,
            0.01128440366972477,
            0.021192660550458715,
            0.01128440366972477,
            0.03293577981651376,
            "c",
            0,
            0.005596330275229358,
            -0.0005504587155963302,
            0.16541284403669726,
            -0.00045871559633027525,
            0.25779816513761467,
            "c",
            0,
            0.029724770642201838,
            0,
            0.05082568807339449,
            0,
            0.05467889908256881
        ],
        [
            "M",
            0.34238532110091746,
            0.5811009174311927,
            "c",
            0.06605504587155964,
            -0.007064220183486239,
            0.3029357798165138,
            -0.03541284403669725,
            0.35853211009174313,
            -0.04201834862385321,
            "c",
            0.03981651376146789,
            -0.0047706422018348625,
            0.04678899082568807,
            0.013669724770642202,
            0.04678899082568807,
            0.04807339449541285,
            "c",
            0,
            0.0389908256880734,
            0.0007339449541284404,
            0.13853211009174313,
            0.0007339449541284404,
            0.2574311926605504,
            "c",
            0,
            0.10311926605504587,
            -0.055412844036697245,
            0.015412844036697248,
            -0.06743119266055045,
            0.009174311926605505
        ],
        [
            "M",
            0.34238532110091746,
            0.6704587155963303,
            "C",
            0.44954128440366975,
            0.658256880733945,
            0.6330275229357798,
            0.6411009174311926,
            0.7363302752293579,
            0.6357798165137615
        ],
        [
            "M",
            0.34412844036697243,
            0.7628440366972478,
            "C",
            0.43119266055045874,
            0.7545871559633027,
            0.6490825688073395,
            0.7339449541284404,
            0.736880733944954,
            0.7301834862385321
        ],
        [
            "M",
            0.5171559633027523,
            0.22935779816513763,
            "c",
            0.008073394495412844,
            0.008073394495412844,
            0.01110091743119266,
            0.01944954128440367,
            0.01110091743119266,
            0.034403669724770644,
            "c",
            0,
            0.033211009174311926,
            0.00009174311926605505,
            0.40935779816513757,
            0.00009174311926605505,
            0.5790825688073394,
            "c",
            0,
            0.030825688073394496,
            -0.00045871559633027525,
            0.052935779816513755,
            -0.0008256880733944953,
            0.06192660550458716
        ]
    ],
    "words": [
        {
            "word": [
                [
                    "庸",
                    "よう"
                ]
            ],
            "common": false,
            "jlpt": null,
            "meanings": [
                {
                    "type": "Noun",
                    "meaning": "1. tax paid to avoid forced labor (ritsuryō period); tax in kind Historical term, See also 力役"
                },
                {
                    "type": "Noun",