{
    "kanji": "弐",
    "grade": 8,
    "jlpt": 1,
    "frequency": null,
    "meanings": [
        "II",
        "two",
        "second"
    ],
    "kun": [
        "ふた.つ",
        "そえ"
    ],
    "on": [
        "ニ",
        "ジ"
    ],
    "strokes": [
        [
            "M",
            0.22247706422018348,
            0.2379816513761468,
            "c",
            0.014770642201834864,
            0.004495412844036697,
            0.03669724770642202,
            0.004495412844036697,
            0.05165137614678899,
            0.002660550458715596,
            "c",
            0.04376146788990825,
            -0.005504587155963302,
            0.06880733944954129,
            -0.012385321100917432,
            0.1291743119266055,
            -0.021009174311926605,
            "c",
            0.014220183486238533,
            -0.002018348623853211,
            0.022935779816513763,
            -0.0010091743119266055,
            0.03018348623853211,
            0.0002752293577981651
        ],
        [
            "M",
            0.1536697247706422,
            0.41467889908256883,
            "c",
            0.031009174311926603,
            0.008532110091743119,
            0.06587155963302752,
            0.005229357798165137,
            0.09642201834862385,
            0.00009174311926605505,
            "c",
            0.13862385321100917,
            -0.023669724770642202,
            0.3531192660550459,
            -0.05807339449541284,
            0.499908256880734,
            -0.0736697247706422,
            "c",
            0.02614678899082569,
            -0.002752293577981651,
            0.05229357798165138,
            -0.0021100917431192663,
            0.0779816513761468,
            0.0033944954128440367
        ],
        [
            "M",
            0.2018348623853211,
            0.586605504587156,
            "c",
            0.016238532110091745,
            0.004954128440366972,
            0.03844036697247707,
            0.004311926605504587,
            0.05522935779816513,
            0.002201834862385321,
            "c",
            0.04935779816513761,
            -0.006422018348623853,
            0.1073394495412844,
            -0.017614678899082567,
            0.16394495412844037,
            -0.02596330275229358,
            "c",
            0.013394495412844036,
            -0.001926605504587156,
            0.02651376146788991,
            -0.003577981651376147,
            0.04,
            -0.0011926605504587156
        ],
        [
            "M",
            0.19495412844036697,
            0.8178899082568808,
            "c",
            0.011467889908256881,
            0.008990825688073394,
            0.02284403669724771,
            0.007706422018348624,
            0.03972477064220183,
            -0.0006422018348623854,
            "c",
            0.07155963302752294,
            -0.03513761467889908,
            0.16339449541284404,
            -0.07761467889908258,
            0.22174311926605506,
            -0.10623853211009174
        ],
        [
            "M",
            0.5068807339449541,
            0.11697247706422019,
            "c",
            0.01091743119266055,
            0.01091743119266055,
            0.017614678899082567,
            0.022752293577981652,
            0.020642201834862386,
            0.05733944954128441,
            "c",
            0.020642201834862386,
            0.23623853211009174,
            0.07568807339449542,
            0.5298165137614679,
            0.2775229357798165,
            0.676605504587156,
            "c",
            0.06467889908256881,
            0.04706422018348624,
            0.06192660550458716,
            0.006880733944954129,
            0.052752293577981654,
            -0.06422018348623854
        ],
        [
            "M",
            0.6834862385321101,
            0.16403669724770642,
            "c",
            0.034403669724770644,
            0.016788990825688074,
            0.08944954128440367,
            0.05504587155963303,
            0.10550458715596331,
            0.08366972477064219
        ]
    ],
    "words": [
        {
            "word": [
                [
                    "二",
                    "に"
                ]
            ],
            "common": true,
            "jlpt": 5,
            "meanings": [
                {
                    "type": "Numeric",
                    "meaning": "1. two; 2 ふ and ふう used mainly when counting aloud; 弐, 貳 and 貮 are used in legal documents"
                },
                {
                    "type": "Other forms",
                    "meaning": "二 【ふた】、二 【ふ】、二 【ふう】、２ 【に】、２ 【ふた】、２ 【ふ】、２ 【ふう】、弐 【に】、弐 【ふた】、弐 【ふ】、弐 【ふう】、弍 【に】、弍 【ふた】、弍 【ふ】、弍 【ふう】、貳 【に】、貳 【ふた】、貳 【ふ】、貳 【ふう】、貮 【に】、貮 【ふた】、貮 【ふ】、貮 【ふう】"
                },
                {
                    "type": "Notes",
                    "meaning": "貳: Out-dated kanji or kanji usage. 貳: Out-dated kanji or kanji usage. 貳: Out-dated kanji or kanji usage. 貳: Out-dated kanji or kanji usage. 貮: Out-dated kanji or kanji usage. 貮: Out-dated kanji or kanji usage. 貮: Out-dated kanji or kanji usage. 貮: Out-dated kanji or kanji usage."
                },
                {
                    "type": "Numeric",
                    "meaning": "1. two; 2 ふ and ふう used mainly when counting aloud; 弐, 貳 and 貮 are used in legal documents"
                },
                {
                    "type": "Other forms",
                    "meaning": "二 【ふた】、二 【ふ】、二 【ふう】、２ 【に】、２ 【ふた】、２ 【ふ】、２ 【ふう】、弐 【に】、弐 【ふた】、弐 【ふ】、弐 【ふう】、弍 【に】、弍 【ふた】、弍 【ふ】、弍 【ふう】、貳 【に】、貳 【ふた】、貳 【ふ】、貳 【ふう】、貮 【に】、貮 【ふた】、貮 【ふ】、貮 【ふう】"
                },
                {
                    "type": "Notes",
                    "meaning": "貳: Out-dated kanji or kanji usage. 貳: Out-dated kanji or kanji usage. 貳: Out-dated kanji or kanji usage. 貳: Out-dated kanji or kanji usage. 貮: Out-dated kanji or kanji usage. 貮: Out-dated kanji or kanji usage. 貮: Out-dated kanji or kanji usage. 貮: Out-dated kanji or kanji usage."
                }
            ],
            "sentences": []
        },
        {
            "word": [
                [
                    "２",
                    "にじゅう"
                ],
                [
                    "０",
                    null
                ]
            ],
            "common": true,
            "jlpt": null,
            "meanings": [
                {
                    "type": "Numeric",
                    "meaning": "1. twenty; 20 "
                },
                {
                    "type": "Other forms",
                    "meaning": "二十 【にじゅう】、廿 【にじゅう】、弐拾 【にじゅう】、二〇 【にじゅう】、卄 【にじゅう】、二十 【はた】"
                },
                {
                    "type": "Notes",
                    "meaning": "はた: Out-dated or obsolete kana usage."
                },
                {
                    "type": "Numeric",
                    "meaning": "1. twenty; 20 "
                },
                {
                    "type": "Other forms",
                    "meaning": "二十 【にじゅう】、廿 【にじゅう】、弐拾 【にじゅう】、二〇 【にじゅう】、卄 【にじゅう】、二十 【はた】"
                },
                {
                    "type": "Notes",
                    "meaning": "はた: Out-dated or obsolete kana usage."
                }
            ],
            "sentences": []
        },
        {
            "word": [
                [
                    "弐",
                    "ふた"
                ],
                [
                    "つ",
                    null
                ]
            ],
            "common": false,
            "jlpt": null,
            "meanings": [
                {
                    "type": "Noun",
                    "meaning": "1. two used in old or legal documents"
                },
                {
                    "type": "Noun",
                    "meaning": "1. two used in old or legal documents"
                }
            ],