{
    "kanji": "彰",
    "grade": 8,
    "jlpt": 1,
    "frequency": 1310,
    "meanings": [
        "patent",
        "clear"
    ],
    "kun": [
        "ショウ"
    ],
    "on": [],
    "strokes": [
        [
            "M",
            0.3302752293577982,
            0.0963302752293578,
            "c",
            0.008073394495412844,
            0.008073394495412844,
            0.011467889908256881,
            0.01834862385321101,
            0.011467889908256881,
            0.034403669724770644,
            "s",
            0,
            0.02981651376146789,
            0,
            0.07339449541284404
        ],
        [
            "M",
            0.19036697247706422,
            0.22623853211009173,
            "c",
            0.014862385321100919,
            0.005596330275229358,
            0.03422018348623853,
            0.002752293577981651,
            0.04944954128440367,
            0.0014678899082568807,
            "c",
            0.059357798165137615,
            -0.005045871559633028,
            0.13275229357798166,
            -0.01669724770642202,
            0.20853211009174313,
            -0.030642201834862385,
            "c",
            0.01275229357798165,
            -0.0023853211009174312,
            0.026238532110091743,
            -0.005321100917431192,
            0.03908256880733945,
            -0.001559633027522936
        ],
        [
            "M",
            0.25577981651376147,
            0.2603669724770642,
            "c",
            0.02568807339449541,
            0.030733944954128442,
            0.03963302752293578,
            0.0636697247706422,
            0.04201834862385321,
            0.08394495412844037
        ],
        [
            "M",
            0.4327522935779817,
            0.22871559633027522,
            "c",
            0.0034862385321100917,
            0.0034862385321100917,
            0.003853211009174312,
            0.012110091743119267,
            0.0034862385321100917,
            0.014954128440366971,
            "c",
            -0.002752293577981651,
            0.019633027522935782,
            -0.02834862385321101,
            0.07403669724770642,
            -0.035229357798165134,
            0.08908256880733946
        ],
        [
            "M",
            0.13889908256880734,
            0.38688073394495415,
            "c",
            0.02165137614678899,
            0.004220183486238533,
            0.04146788990825688,
            0.002018348623853211,
            0.05724770642201835,
            -0.0002752293577981651,
            "c",
            0.08394495412844037,
            -0.012293577981651376,
            0.2024770642201835,
            -0.03422018348623853,
            0.28211009174311924,
            -0.04128440366972477,
            "c",
            0.01834862385321101,
            -0.0016513761467889907,
            0.0355045871559633,
            -0.002477064220183486,
            0.05486238532110092,
            0.0013761467889908255
        ],
        [
            "M",
            0.1973394495412844,
            0.4674311926605505,
            "c",
            0.006972477064220183,
            0.006972477064220183,
            0.014862385321100919,
            0.020550458715596333,
            0.016605504587155963,
            0.03036697247706422,
            "C",
            0.22018348623853212,
            0.5321100917431193,
            0.22752293577981653,
            0.5612844036697248,
            0.23394495412844038,
            0.6011926605504587,
            "c",
            0.0022935779816513763,
            0.014403669724770642,
            0.004495412844036697,
            0.027889908256880733,
            0.006330275229357797,
            0.03889908256880734
        ],
        [
            "M",
            0.2134862385321101,
            0.474954128440367,
            "c",
            0.07550458715596331,
            -0.015045871559633026,
            0.15926605504587155,
            -0.028807339449541284,
            0.23486238532110093,
            -0.039266055045871565,
            "c",
            0.03715596330275229,
            -0.005137614678899083,
            0.04981651376146789,
            0.007889908256880733,
            0.043486238532110096,
            0.046055045871559626,
            "c",
            -0.0029357798165137615,
            0.017431192660550456,
            -0.010275229357798166,
            0.045871559633027525,
            -0.02192660550458716,
            0.08587155963302752,
            "c",
            -0.003669724770642202,
            0.012385321100917432,
            -0.008899082568807339,
            0.02311926605504587,
            -0.014036697247706422,
            0.03853211009174312
        ],
        [
            "M",
            0.23192660550458716,
            0.544954128440367,
            "c",
            0.05825688073394495,
            -0.00834862385321101,
            0.18596330275229359,
            -0.027981651376146787,
            0.24155963302752292,
            -0.03036697247706422
        ],
        [
            "M",
            0.24908256880733945,
            0.6194495412844037,
            "c",
            0.0811926605504587,
            -0.012844036697247705,
            0.1534862385321101,
            -0.02201834862385321,
            0.201651376146789,
            -0.024220183486238535
        ],
        [
            "M",
            0.14036697247706423,
            0.744954128440367,
            "c",
            0.020091743119266054,
            0.006330275229357797,
            0.04155963302752294,
            0.0045871559633027525,
            0.06155963302752294,
            0.0009174311926605505,
            "c",
            0.08357798165137614,
            -0.015321100917431192,
            0.18623853211009175,
            -0.032844036697247704,
            0.2613761467889908,
            -0.04128440366972477,
            "c",
            0.01871559633027523,
            -0.0021100917431192663,
            0.03596330275229358,
            -0.0032110091743119264,
            0.0544954128440367,
            0.0002752293577981651
        ],
        [
            "M",
            0.33908256880733945,
            0.6353211009174312,
            "c",
            0.009357798165137614,
            0.009357798165137614,
            0.012385321100917432,
            0.020642201834862386,
            0.012385321100917432,
            0.0344954128440367,
            "c",
            0,
            0.024036697247706424,
            -0.0002752293577981651,
            0.12614678899082568,
            -0.00045871559633027525,
            0.19027522935779814,
            "c",
            -0.00009174311926605505,
            0.024495412844036696,
            -0.00009174311926605505,
            0.043486238532110096,
            -0.00009174311926605505,
            0.05045871559633028
        ],
        [
            "M",
            0.7964220183486239,
            0.1720183486238532,
            "c",
            -0.0028440366972477065,
            0.011467889908256881,
            -0.007339449541284404,
            0.018256880733944953,
            -0.015779816513761466,
            0.0255045871559633,
            "C",
            0.7408256880733946,
            0.231651376146789,
            0.6926605504587156,
            0.26605504587155965,
            0.5914678899082568,
            0.3065137614678899
        ],
        [
            "M",
            0.8076146788990826,
            0.3656880733944954,
            "c",
            -0.0014678899082568807,
            0.010458715596330274,
            -0.004036697247706422,
            0.021559633027522937,
            -0.009816513761467891,
            0.03,
            "c",
            -0.03513761467889908,
            0.05146788990825688,
            -0.09706422018348623,
            0.11110091743119266,
            -0.2043119266055046,
            0.16779816513761467
        ],
        [
