{
    "kanji": "恣",
    "grade": 8,
    "jlpt": null,
    "frequency": 2325,
    "meanings": [
        "selfish",
        "arbitrary"
    ],
    "kun": [
        "ほしいまま"
    ],
    "on": [
        "シ"
    ],
    "strokes": [
        [
            "M",
            0.13990825688073394,
            0.20678899082568808,
            "c",
            0.005688073394495413,
            0.0006422018348623854,
            0.016788990825688074,
            0.003669724770642202,
            0.026788990825688072,
            0.003027522935779817,
            "c",
            0.046697247706422015,
            -0.0032110091743119264,
            0.13440366972477064,
            -0.012844036697247705,
            0.16532110091743119,
            -0.016055045871559634,
            "c",
            0.008715596330275228,
            -0.0009174311926605505,
            0.016788990825688074,
            0.0011926605504587156,
            0.021192660550458715,
            0.0023853211009174312
        ],
        [
            "M",
            0.13761467889908258,
            0.4476146788990826,
            "c",
            0.006880733944954129,
            0.008807339449541284,
            0.020642201834862386,
            0.013394495412844036,
            0.04128440366972477,
            0.001926605504587156,
            "c",
            0.05733944954128441,
            -0.03211009174311927,
            0.12844036697247707,
            -0.08486238532110092,
            0.18577981651376146,
            -0.11697247706422019
        ],
        [
            "M",
            0.5067889908256881,
            0.11238532110091744,
            "c",
            0.0002752293577981651,
            0.005504587155963302,
            0.0005504587155963302,
            0.014128440366972478,
            -0.0005504587155963302,
            0.02201834862385321,
            "c",
            -0.006697247706422018,
            0.046330275229357794,
            -0.045504587155963304,
            0.14798165137614677,
            -0.09853211009174312,
            0.2101834862385321
        ],
        [
            "M",
            0.5074311926605505,
            0.21935779816513762,
            "c",
            0.0074311926605504595,
            0.0021100917431192663,
            0.021376146788990826,
            0.005321100917431192,
            0.03256880733944954,
            0.0034862385321100917,
            "c",
            0.013577981651376147,
            -0.002201834862385321,
            0.22844036697247705,
            -0.045229357798165136,
            0.2413761467889908,
            -0.0453211009174312,
            "c",
            0.04458715596330275,
            -0.0003669724770642202,
            -0.004678899082568807,
            0.05137614678899082,
            -0.03220183486238532,
            0.07862385321100918
        ],
        [
            "M",
            0.5826605504587156,
            0.28550458715596333,
            "c",
            0.0005504587155963302,
            0.006513761467889908,
            0.0003669724770642202,
            0.01651376146788991,
            -0.0011009174311926604,
            0.02596330275229358,
            "c",
            -0.009174311926605505,
            0.05871559633027523,
            -0.09568807339449541,
            0.19908256880733943,
            -0.21458715596330274,
            0.2665137614678899
        ],
        [
            "M",
            0.5854128440366972,
            0.35091743119266056,
            "c",
            0.03128440366972477,
            0.04027522935779816,
            0.14073394495412844,
            0.16110091743119265,
            0.19688073394495414,
            0.20422018348623855,
            "c",
            0.011834862385321101,
            0.00908256880733945,
            0.020825688073394497,
            0.014495412844036697,
            0.032018348623853214,
            0.017339449541284403
        ],
        [
            "M",
            0.20321100917431192,
            0.73,
            "c",
            0.0029357798165137615,
            0.020917431192660547,
            -0.02963302752293578,
            0.11339449541284403,
            -0.05339449541284404,
            0.14834862385321101
        ],
        [
            "M",
            0.2920183486238532,
            0.676605504587156,
            "c",
            0.06174311926605505,
            0.1191743119266055,
            0.16403669724770642,
            0.22724770642201836,
            0.40220183486238537,
            0.22871559633027522,
            "c",
            0.11495412844036697,
            0.0007339449541284404,
            0.12238532110091743,
            -0.0318348623853211,
            0.02660550458715596,
            -0.08605504587155964
        ],
        [
            "M",
            0.5014678899082569,
            0.6536697247706422,
            "c",
            0.019908256880733943,
            0.0481651376146789,
            0.048807339449541284,
            0.0963302752293578,
            0.06999999999999999,
            0.02256880733944954
        ],
        [
            "M",
            0.7672477064220183,
            0.6672477064220184,
            "c",
            0.042477064220183484,
            0.018990825688073393,
            0.07422018348623853,
            0.0363302752293578,
            0.10871559633027522,
            0.09504587155963302
        ]
    ],
    "words": [
        {
            "word": [
                [
                    "恣",
                    "ほしいまま"
                ]
            ],
            "common": false,
            "jlpt": null,
            "meanings": [
                {
                    "type": "Na-adjective (keiyodoshi)",
                    "meaning": "1. selfish; self-indulgent; arbitrary Usually written using kana alone"
                },
                {
                    "type": "Other forms",
                    "meaning": "擅 【ほしいまま】、縦 【ほしいまま】、肆 【ほしいまま】"
                },
                {
                    "type": "Na-adjective (keiyodoshi)",
                    "meaning": "1. selfish; self-indulgent; arbitrary Usually written using kana alone"
                },
                {
                    "type": "Other forms",
                    "meaning": "擅 【ほしいまま】、縦 【ほしいまま】、肆 【ほしいまま】"
                }
            ],
            "sentences": []
        },
        {
            "word": [
                [
                    "恣",
                    "し"
                ],
                [
                    "意",
                    "い"
                ]
            ],
            "common": false,
            "jlpt": null,
            "meanings": [
                {
                    "type": "Noun",
                    "meaning": "1. arbitrariness; self-will; whim "
                },
                {
                    "type": "Other forms",
                    "meaning": "肆意 【しい】"
                },
                {
                    "type": "Notes",
                    "meaning": "肆意: Rarely-used kanji form."
                },
                {
                    "type": "Noun",
                    "meaning": "1. arbitrariness; self-will; whim "
                },
                {
                    "type": "Other forms",
                    "meaning": "肆意 【しい】"
                },
                {
                    "type": "Notes",
                    "meaning": "肆意: Rarely-used kanji form."
                }
            ],
            "sentences": []
        },
        {
            "word": [
                [
                    "恣",
                    "ほしいまま"
                ],
                [
                    "に",
                    null
                ],
                [
                    "す",
                    null
                ],
                [
                    "る",
                    null
                ]
            ],
            "common": false,
            "jlpt": null,