{
    "kanji": "慨",
    "grade": 8,
    "jlpt": 1,
    "frequency": 1875,
    "meanings": [
        "rue",
        "be sad",
        "sigh",
        "lament"
    ],
    "kun": [
        "なげ.く"
    ],
    "on": [
        "ガイ"
    ],
    "strokes": [
        [
            "M",
            0.1373394495412844,
            0.3302752293577982,
            "c",
            0,
            0.059816513761467884,
            -0.034128440366972476,
            0.14807339449541285,
            -0.04302752293577982,
            0.1651376146788991
        ],
        [
            "M",
            0.23963302752293578,
            0.2981651376146789,
            "c",
            0.02330275229357798,
            0.014495412844036697,
            0.06009174311926605,
            0.05972477064220183,
            0.06587155963302752,
            0.08229357798165138
        ],
        [
            "M",
            0.20293577981651378,
            0.1444954128440367,
            "c",
            0.008073394495412844,
            0.009174311926605505,
            0.01110091743119266,
            0.022935779816513763,
            0.01110091743119266,
            0.04128440366972477,
            "c",
            0,
            0.05798165137614679,
            0.0001834862385321101,
            0.4761467889908257,
            0.0002752293577981651,
            0.6387155963302753,
            "c",
            0,
            0.02834862385321101,
            0,
            0.04889908256880734,
            0,
            0.05853211009174312
        ],
        [
            "M",
            0.3552293577981651,
            0.20715596330275227,
            "c",
            0.014036697247706422,
            0.006146788990825688,
            0.028256880733944955,
            0.005229357798165137,
            0.04440366972477064,
            0.0021100917431192663,
            "c",
            0.033211009174311926,
            -0.006422018348623853,
            0.0753211009174312,
            -0.014403669724770642,
            0.09697247706422019,
            -0.01834862385321101,
            "c",
            0.023577981651376145,
            -0.004311926605504587,
            0.03385321100917431,
            0.0008256880733944953,
            0.03293577981651376,
            0.026972477064220183,
            "c",
            -0.002018348623853211,
            0.05339449541284404,
            -0.012568807339449543,
            0.1475229357798165,
            -0.018073394495412842,
            0.2043119266055046,
            "c",
            -0.0016513761467889907,
            0.017064220183486238,
            -0.003027522935779817,
            0.03055045871559633,
            -0.0039449541284403665,
            0.038256880733944953
        ],
        [
            "M",
            0.38137614678899084,
            0.33458715596330274,
            "c",
            0.03889908256880734,
            -0.006697247706422018,
            0.08330275229357799,
            -0.017064220183486238,
            0.12880733944954129,
            -0.02238532110091743
        ],
        [
            "M",
            0.3830275229357798,
            0.45889908256880735,
            "c",
            0.028899082568807338,
            -0.003669724770642202,
            0.07577981651376146,
            -0.013211009174311925,
            0.11678899082568808,
            -0.01853211009174312
        ],
        [
            "M",
            0.3598165137614679,
            0.21174311926605502,
            "c",
            0.006605504587155963,
            0.006605504587155963,
            0.01073394495412844,
            0.014128440366972478,
            0.01073394495412844,
            0.0255045871559633,
            "c",
            0,
            0.03247706422018349,
            -0.00009174311926605505,
            0.3843119266055046,
            -0.00009174311926605505,
            0.4771559633027523,
            "c",
            0,
            0.05045871559633028,
            0.0011009174311926604,
            0.051559633027522936,
            0.0389908256880734,
            0.01834862385321101,
            "c",
            0.029724770642201838,
            -0.02614678899082569,
            0.05623853211009174,
            -0.05045871559633028,
            0.11091743119266055,
            -0.09761467889908257
        ],
        [
            "M",
            0.4943119266055046,
            0.5711009174311926,
            "c",
            0.020091743119266054,
            0.01908256880733945,
            0.050091743119266056,
            0.07055045871559633,
            0.05871559633027523,
            0.11440366972477065
        ],
        [
            "M",
            0.6081651376146789,
            0.2191743119266055,
            "c",
            0.01798165137614679,
            0.0021100917431192663,
            0.036513761467889906,
            0.0016513761467889907,
            0.05146788990825688,
            -0.0009174311926605505,
            "c",
            0.038073394495412846,
            -0.006513761467889908,
            0.08834862385321102,
            -0.016055045871559634,
            0.13055045871559634,
            -0.020458715596330276,
            "c",
            0.014403669724770642,
            -0.0014678899082568807,
            0.02743119266055046,
            -0.0021100917431192663,
            0.04146788990825688,
            0.0017431192660550458
        ],
        [
            "M",
            0.6333944954128441,
            0.23321100917431195,
            "c",
            0.004220183486238533,
            0.0076146788990825685,
            0.005412844036697248,
            0.016788990825688074,
            0.004862385321100918,
            0.02853211009174312,
            "c",
            -0.001926605504587156,
            0.0389908256880734,
            -0.008623853211009174,
            0.10293577981651376,
            -0.014220183486238533,
            0.17376146788990826
        ],
        [
            "M",
            0.5575229357798166,
            0.4475229357798165,
            "c",
            0.01944954128440367,
            0.0028440366972477065,
            0.0355045871559633,
            0.002018348623853211,
            0.05495412844036698,
            -0.0005504587155963302,
            "C",
            0.6688073394495413,
            0.43944954128440367,
            0.7475229357798165,
            0.4256880733944954,
            0.8256880733944955,
            0.41825688073394496,
            "c",
            0.01669724770642202,
            -0.001559633027522936,
            0.03155963302752293,
            -0.0021100917431192663,
            0.0481651376146789,
            0.0007339449541284404
        ],
        [
            "M",
            0.7557798165137615,
            0.23055045871559632,
            "c",
            0.0033944954128440367,
            0.008073394495412844,
            0.005412844036697248,
            0.019357798165137614,
            0.002018348623853211,
            0.03889908256880734,
            "C",
            0.7293577981651376,
            0.43119266055045874,
            0.6743119266055045,
            0.6628440366972477,
            0.5275229357798165,
            0.8027522935779816
        ],
        [
            "M",
            0.7239449541284403,
            0.5185321100917432,
            "c",
            0.009541284403669725,
            0.009541284403669725,
            0.011926605504587157,
            0.022752293577981652,
            0.011926605504587157,
            0.03779816513761468,
            "c",
            0,
            0.07091743119266056,
            -0.0007339449541284404,
            0.1259633027522936,
            -0.0007339449541284404,
            0.20504587155963305,
            "s",
            0.014770642201834864,
            0.08944954128440367,
            0.08302752293577982,
            0.08944954128440367,
            "s",
            0.0763302752293578,
