{
    "kanji": "憧",
    "grade": 8,
    "jlpt": 1,
    "frequency": 2259,
    "meanings": [
        "yearn after",
        "long for",
        "aspire to",
        "admire",
        "adore"
    ],
    "kun": [
        "あこが.れる"
    ],
    "on": [
        "ショウ",
        "トウ",
        "ドウ"
    ],
    "strokes": [
        [
            "M",
            0.14908256880733944,
            0.3646788990825688,
            "c",
            0,
            0.06064220183486239,
            -0.02724770642201835,
            0.15009174311926604,
            -0.034403669724770644,
            0.16743119266055045
        ],
        [
            "M",
            0.2685321100917431,
            0.3218348623853211,
            "c",
            0.02284403669724771,
            0.015229357798165137,
            0.05889908256880734,
            0.06247706422018348,
            0.06458715596330275,
            0.08605504587155964
        ],
        [
            "M",
            0.22357798165137616,
            0.13990825688073394,
            "c",
            0.01091743119266055,
            0.01091743119266055,
            0.013394495412844036,
            0.02522935779816514,
            0.013394495412844036,
            0.04128440366972477,
            "c",
            0,
            0.0076146788990825685,
            0.0001834862385321101,
            0.41201834862385317,
            0.0002752293577981651,
            0.6089908256880734,
            "c",
            0,
            0.044862385321100914,
            0,
            0.07899082568807339,
            0,
            0.09522935779816515
        ],
        [
            "M",
            0.5996330275229358,
            0.11697247706422019,
            "c",
            0.008715596330275228,
            0.008715596330275228,
            0.010825688073394495,
            0.01981651376146789,
            0.010825688073394495,
            0.03376146788990826,
            "c",
            0,
            0.014036697247706422,
            0,
            0.03155963302752293,
            0,
            0.057798165137614675
        ],
        [
            "M",
            0.4161467889908257,
            0.23256880733944957,
            "c",
            0.021559633027522937,
            0.006788990825688073,
            0.04715596330275229,
            0.001926605504587156,
            0.06908256880733946,
            0,
            "c",
            0.06926605504587156,
            -0.005963302752293578,
            0.19155963302752294,
            -0.01853211009174312,
            0.2659633027522936,
            -0.022935779816513763,
            "c",
            0.021376146788990826,
            -0.0012844036697247708,
            0.04238532110091743,
            -0.0025688073394495416,
            0.06348623853211009,
            0.0014678899082568807
        ],
        [
            "M",
            0.5022935779816514,
            0.26256880733944954,
            "c",
            0.020275229357798165,
            0.026055045871559632,
            0.029541284403669727,
            0.04899082568807339,
            0.031376146788990825,
            0.06623853211009174
        ],
        [
            "M",
            0.714954128440367,
            0.24009174311926607,
            "c",
            0.001834862385321101,
            0.008807339449541284,
            0.0006422018348623854,
            0.016788990825688074,
            -0.001926605504587156,
            0.023394495412844035,
            "c",
            -0.006605504587155963,
            0.016972477064220184,
            -0.028715596330275227,
            0.04981651376146789,
            -0.03871559633027523,
            0.06339449541284403
        ],
        [
            "M",
            0.38045871559633027,
            0.36247706422018344,
            "c",
            0.021559633027522937,
            0.006422018348623853,
            0.05027522935779817,
            0.004220183486238533,
            0.07256880733944954,
            0.0016513761467889907,
            "c",
            0.11110091743119266,
            -0.01275229357798165,
            0.23871559633027523,
            -0.02018348623853211,
            0.3485321100917431,
            -0.02522935779816514,
            "c",
            0.027155963302752294,
            -0.0012844036697247708,
            0.05055045871559633,
            -0.0012844036697247708,
            0.07706422018348624,
            0.0034862385321100917
        ],
        [
            "M",
            0.4327522935779817,
            0.44183486238532105,
            "C",
            0.44036697247706424,
            0.44954128440366975,
            0.4437614678899082,
            0.4577981651376147,
            0.4455963302752294,
            0.46633027522935777,
            "c",
            0.010825688073394495,
            0.05201834862385321,
            0.024678899082568807,
            0.12752293577981652,
            0.030825688073394496,
            0.18192660550458714
        ],
        [
            "M",
            0.4490825688073395,
            0.44862385321100917,
            "c",
            0.09798165137614678,
            -0.012844036697247705,
            0.2218348623853211,
            -0.025412844036697246,
            0.3023853211009174,
            -0.029357798165137616,
            "c",
            0.024587155963302753,
            -0.0011926605504587156,
            0.04119266055045872,
            0.016788990825688074,
            0.03743119266055046,
            0.03972477064220183,
            "c",
            -0.006146788990825688,
            0.037706422018348625,
            -0.021376146788990826,
            0.10807339449541284,
            -0.03669724770642202,
            0.17229357798165137
        ],
        [
            "M",
            0.47009174311926605,
            0.5367889908256881,
            "c",
            0.028715596330275227,
            -0.0033027522935779813,
            0.2500917431192661,
            -0.0218348623853211,
            0.2997247706422019,
            -0.02192660550458716
        ],
        [
            "M",
            0.4863302752293578,
            0.6331192660550459,
            "c",
            0.06642201834862385,
            -0.006972477064220183,
            0.1638532110091743,
            -0.016146788990825688,
            0.2589908256880734,
            -0.020091743119266054
        ],
        [
            "M",
            0.6012844036697248,
            0.45091743119266053,
            "c",
            0.008807339449541284,
            0.008807339449541284,
            0.011834862385321101,
            0.016788990825688074,
            0.011834862385321101,
            0.02926605504587156,
            "c",
            0,
            0.054220183486238534,
            -0.0008256880733944953,
            0.30770642201834864,
            -0.0008256880733944953,
            0.3511926605504587
        ],
        [
            "M",
            0.4434862385321101,
            0.7297247706422019,
            "c",
            0.014403669724770642,
            0.006697247706422018,
            0.042477064220183484,
            0.005412844036697248,
            0.05770642201834862,
            0.0034862385321100917,
            "c",
            0.0779816513761468,
            -0.00963302752293578,
            0.17009174311926606,
            -0.014770642201834864,
            0.24770642201834864,
            -0.01724770642201835,
            "c",
            0.020275229357798165,
            -0.0006422018348623854,
            0.0373394495412844,
            -0.0007339449541284404,
            0.05678899082568808,
            0.004678899082568807
        ],
        [
            "M",
            0.3718348623853211,
            0.8488990825688073,
            "c",
            0.021559633027522937,
            0.008715596330275228,
            0.05165137614678899,
            0.008899082568807339,
            0.07431192660550458,
