{
    "kanji": "憾",
    "grade": 8,
    "jlpt": 1,
    "frequency": 1682,
    "meanings": [
        "remorse",
        "regret",
        "be sorry"
    ],
    "kun": [
        "うら.む"
    ],
    "on": [
        "カン"
    ],
    "strokes": [
        [
            "M",
            0.14788990825688075,
            0.3680733944954128,
            "c",
            0,
            0.06440366972477064,
            -0.02834862385321101,
            0.15935779816513762,
            -0.03577981651376147,
            0.17779816513761468
        ],
        [
            "M",
            0.30504587155963303,
            0.3165137614678899,
            "c",
            0.021192660550458715,
            0.02018348623853211,
            0.05486238532110092,
            0.08293577981651376,
            0.060183486238532105,
            0.11440366972477065
        ],
        [
            "M",
            0.22587155963302752,
            0.12614678899082568,
            "c",
            0.008073394495412844,
            0.008073394495412844,
            0.01110091743119266,
            0.0218348623853211,
            0.01110091743119266,
            0.034403669724770644,
            "c",
            0,
            0.006422018348623853,
            0.0001834862385321101,
            0.5080733944954129,
            0.0002752293577981651,
            0.6811926605504587,
            "c",
            0,
            0.03247706422018349,
            0,
            0.053302752293577976,
            0,
            0.05733944954128441
        ],
        [
            "M",
            0.4279816513761468,
            0.2865137614678899,
            "c",
            0.006880733944954129,
            0.006880733944954129,
            0.009174311926605505,
            0.017431192660550456,
            0.008532110091743119,
            0.03036697247706422,
            "C",
            0.43119266055045874,
            0.42660550458715596,
            0.43009174311926607,
            0.5469724770642201,
            0.3577981651376147,
            0.651651376146789
        ],
        [
            "M",
            0.4010091743119266,
            0.27825688073394494,
            "c",
            0.021009174311926605,
            0.004954128440366972,
            0.043944954128440364,
            0.0032110091743119264,
            0.06339449541284403,
            -0.0008256880733944953,
            "c",
            0.0653211009174312,
            -0.013669724770642202,
            0.15486238532110091,
            -0.033211009174311926,
            0.24577981651376146,
            -0.048715596330275224,
            "c",
            0.02018348623853211,
            -0.0034862385321100917,
            0.04330275229357798,
            -0.007155963302752294,
            0.06339449541284403,
            -0.0029357798165137615
        ],
        [
            "M",
            0.45889908256880735,
            0.3992660550458716,
            "c",
            0.012385321100917432,
            0.0010091743119266055,
            0.0255045871559633,
            0.0006422018348623854,
            0.03247706422018349,
            -0.001559633027522936,
            "c",
            0.029174311926605506,
            -0.008899082568807339,
            0.05669724770642202,
            -0.015779816513761466,
            0.08247706422018349,
            -0.023577981651376145,
            "c",
            0.01165137614678899,
            -0.0034862385321100917,
            0.024770642201834864,
            -0.002477064220183486,
            0.030825688073394496,
            -0.0010091743119266055
        ],
        [
            "M",
            0.44990825688073394,
            0.49302752293577984,
            "c",
            0.006146788990825688,
            0.006146788990825688,
            0.01110091743119266,
            0.012844036697247705,
            0.012201834862385321,
            0.02,
            "c",
            0.006238532110091744,
            0.019541284403669725,
            0.012844036697247705,
            0.04715596330275229,
            0.018073394495412842,
            0.07623853211009175,
            "c",
            0.001834862385321101,
            0.010275229357798166,
            0.003577981651376147,
            0.020825688073394497,
            0.005045871559633028,
            0.03128440366972477
        ],
        [
            "M",
            0.46889908256880736,
            0.5013761467889908,
            "c",
            0.05229357798165138,
            -0.012018348623853212,
            0.09137614678899084,
            -0.02128440366972477,
            0.12045871559633028,
            -0.025137614678899085,
            "c",
            0.02128440366972477,
            -0.002752293577981651,
            0.03293577981651376,
            -0.0005504587155963302,
            0.02834862385321101,
            0.02256880733944954,
            "c",
            -0.0047706422018348625,
            0.024220183486238535,
            -0.005963302752293578,
            0.03642201834862385,
            -0.014862385321100919,
            0.07229357798165137
        ],
        [
            "M",
            0.4929357798165137,
            0.5990825688073395,
            "c",
            0.04146788990825688,
            -0.007339449541284404,
            0.0555045871559633,
            -0.009357798165137614,
            0.08954128440366972,
            -0.015229357798165137,
            "c",
            0.009174311926605505,
            -0.001559633027522936,
            0.018990825688073393,
            -0.003119266055045872,
            0.029541284403669727,
            -0.0045871559633027525
        ],
        [
            "M",
            0.5646788990825687,
            0.10522935779816514,
            "c",
            0.011192660550458715,
            0.01091743119266055,
            0.017798165137614678,
            0.020917431192660547,
            0.023211009174311924,
            0.04385321100917432,
            "C",
            0.6307339449541285,
            0.3302752293577982,
            0.713302752293578,
            0.518348623853211,
            0.8255045871559633,
            0.6032110091743119,
            "c",
            0.03972477064220183,
            0.03,
            0.03715596330275229,
            0.008715596330275228,
            0.03155963302752293,
            -0.03972477064220183
        ],
        [
            "M",
            0.778256880733945,
            0.34990825688073396,
            "c",
            0.0003669724770642202,
            0.0057798165137614675,
            0.0007339449541284404,
            0.015045871559633026,
            -0.0007339449541284404,
            0.023394495412844035,
            "c",
            -0.008440366972477065,
            0.04926605504587156,
            -0.05522935779816513,
            0.1614678899082569,
            -0.12155963302752294,
            0.22770642201834862
        ],
        [
            "M",
            0.6880733944954128,
            0.10779816513761468,
            "c",
            0.022110091743119266,
            0.01128440366972477,
            0.05752293577981651,
            0.03697247706422019,
            0.06788990825688074,
            0.056330275229357796
        ],
        [
            "M",
            0.3853211009174312,
            0.7442201834862385,
            "c",
            0.0023853211009174312,
            0.019174311926605504,
            -0.024128440366972478,
            0.10385321100917431,
            -0.043486238532110096,
            0.13577981651376148
        ],
        [
            "M",
            0.46788990825688076,
            0.7339449541284404,
            "c",
            0.07229357798165137,
            0.12155963302752294,
            0.1628440366972477,
            0.16743119266055045,
            0.2958715596330275,
            0.1651376146788991,
            "c",
            0.10293577981651376,
            -0.0017431192660550458,
