{
    "kanji": "拐",
    "grade": 8,
    "jlpt": 1,
    "frequency": 1498,
    "meanings": [
        "kidnap",
        "falsify"
    ],
    "kun": [
        "カイ"
    ],
    "on": [],
    "strokes": [
        [
            "M",
            0.12385321100917432,
            0.36394495412844036,
            "c",
            0.020366972477064222,
            0.002477064220183486,
            0.0389908256880734,
            0.003669724770642202,
            0.05972477064220183,
            0.0007339449541284404,
            "c",
            0.04440366972477064,
            -0.006330275229357797,
            0.11137614678899083,
            -0.01981651376146789,
            0.1720183486238532,
            -0.028715596330275227,
            "c",
            0.013577981651376147,
            -0.002018348623853211,
            0.027339449541284404,
            -0.0033027522935779813,
            0.04036697247706422,
            -0.0033027522935779813
        ],
        [
            "M",
            0.2731192660550459,
            0.14220183486238533,
            "c",
            0.00963302752293578,
            0.00963302752293578,
            0.013853211009174311,
            0.02642201834862385,
            0.013853211009174311,
            0.048348623853211,
            "c",
            0,
            0.13972477064220185,
            -0.00009174311926605505,
            0.4881651376146789,
            -0.00009174311926605505,
            0.593119266055046,
            "c",
            0,
            0.13073394495412843,
            -0.05798165137614679,
            0.03238532110091743,
            -0.07128440366972477,
            0.01834862385321101
        ],
        [
            "M",
            0.12422018348623852,
            0.6143119266055045,
            "c",
            0.01110091743119266,
            0.007247706422018349,
            0.023944954128440367,
            0.004036697247706422,
            0.03669724770642202,
            -0.0045871559633027525,
            "C",
            0.21100917431192662,
            0.5756880733944955,
            0.2706422018348624,
            0.5374311926605504,
            0.3738532110091743,
            0.463302752293578
        ],
        [
            "M",
            0.45871559633027525,
            0.18706422018348626,
            "c",
            0.007981651376146788,
            0.007981651376146788,
            0.012568807339449543,
            0.014587155963302753,
            0.013853211009174311,
            0.024770642201834864,
            "c",
            0.014862385321100919,
            0.07036697247706422,
            0.023577981651376145,
            0.12119266055045873,
            0.02908256880733945,
            0.15788990825688073,
            "c",
            0.001926605504587156,
            0.013027522935779816,
            0.003669724770642202,
            0.02522935779816514,
            0.005229357798165137,
            0.036238532110091745
        ],
        [
            "M",
            0.4805504587155964,
            0.1998165137614679,
            "c",
            0.0811926605504587,
            -0.010275229357798166,
            0.2140366972477064,
            -0.025596330275229357,
            0.2765137614678899,
            -0.03238532110091743,
            "c",
            0.030091743119266053,
            -0.0033027522935779813,
            0.05146788990825688,
            -0.002477064220183486,
            0.04256880733944954,
            0.0336697247706422,
            "c",
            -0.01073394495412844,
            0.0436697247706422,
            -0.023761467889908256,
            0.10146788990825689,
            -0.03669724770642202,
            0.15256880733944952
        ],
        [
            "M",
            0.5155963302752293,
            0.39064220183486237,
            "c",
            0.0436697247706422,
            -0.004403669724770642,
            0.14119266055045873,
            -0.014403669724770642,
            0.21844036697247704,
            -0.02238532110091743,
            "c",
            0.01688073394495413,
            -0.0017431192660550458,
            0.02743119266055046,
            -0.0023853211009174312,
            0.04541284403669725,
            -0.0025688073394495416
        ],
        [
            "M",
            0.4304587155963303,
            0.5087155963302753,
            "c",
            0.020091743119266054,
            0.006605504587155963,
            0.04752293577981651,
            0.004311926605504587,
            0.06844036697247706,
            0.001559633027522936,
            "c",
            0.09908256880733946,
            -0.013211009174311925,
            0.2406422018348624,
            -0.03376146788990826,
            0.2914678899082569,
            -0.038073394495412846,
            "c",
            0.03247706422018349,
            -0.002752293577981651,
            0.04844036697247707,
            0.007706422018348624,
            0.043944954128440364,
            0.04174311926605504,
            "c",
            -0.009174311926605505,
            0.0698165137614679,
            -0.05229357798165138,
            0.2613761467889908,
            -0.09834862385321101,
            0.3222935779816514,
            "c",
            -0.0355045871559633,
            0.04697247706422018,
            -0.05614678899082569,
            0.031926605504587154,
            -0.08293577981651376,
            0.0014678899082568807
        ],
        [
            "M",
            0.5959633027522935,
            0.5238532110091744,
            "c",
            0.0006422018348623854,
            0.007339449541284404,
            0.0029357798165137615,
            0.019541284403669725,
            -0.0012844036697247708,
            0.02944954128440367,
            "C",
            0.5481651376146789,
            0.661651376146789,
            0.5,
            0.7579816513761468,
            0.3738532110091743,
            0.8463302752293578
        ]
    ],
    "words": [
        {
            "word": [
                [
                    "攫",
                    "さら"
                ],
                [
                    "う",
                    null
                ]
            ],
            "common": false,
            "jlpt": null,
            "meanings": [
                {
                    "type": "Godan verb with 'u' ending, Transitive verb",
                    "meaning": "1. to carry off; to run away with; to sweep away; to snatch; to kidnap; to abduct Usually written using kana alone, also written as 浚う"
                },
                {
                    "type": "Godan verb with 'u' ending, Transitive verb",
                    "meaning": "2. to take entirely for oneself; to monopolize Usually written using kana alone"
                },
                {
                    "type": "Other forms",
                    "meaning": "掠う 【さらう】、拐う 【さらう】"
                },
                {
                    "type": "Notes",
                    "meaning": "拐う: Irregular kanji usage."
                },
                {
                    "type": "Godan verb with 'u' ending, Transitive verb",
                    "meaning": "1. to carry off; to run away with; to sweep away; to snatch; to kidnap; to abduct Usually written using kana alone, also written as 浚う"
                },
                {
                    "type": "Godan verb with 'u' ending, Transitive verb",
                    "meaning": "2. to take entirely for oneself; to monopolize Usually written using kana alone"
                },
                {
                    "type": "Other forms",
                    "meaning": "掠う 【さらう】、拐う 【さらう】"
                },
                {
                    "type": "Notes",
                    "meaning": "拐う: Irregular kanji usage."
                }
            ],