{
    "kanji": "拷",
    "grade": 10,
    "jlpt": 1,
    "meanings": [
        "torture",
        "beat"
    ],
    "kun": [
        "ゴウ"
    ],
    "on": [],
    "strokes": [
        [
            "M",
            0.13990825688073394,
            0.35935779816513763,
            "c",
            0.018256880733944953,
            0.002201834862385321,
            0.035321100917431195,
            0.004311926605504587,
            0.053944954128440366,
            0.0012844036697247708,
            "c",
            0.04174311926605504,
            -0.006697247706422018,
            0.0973394495412844,
            -0.019633027522935782,
            0.1573394495412844,
            -0.028440366972477066,
            "c",
            0.010183486238532111,
            -0.0014678899082568807,
            0.020550458715596333,
            -0.0029357798165137615,
            0.03110091743119266,
            -0.004220183486238533
        ],
        [
            "M",
            0.2868807339449541,
            0.1444954128440367,
            "c",
            0.00908256880733945,
            0.00908256880733945,
            0.013853211009174311,
            0.02522935779816514,
            0.013853211009174311,
            0.04376146788990825,
            "c",
            0,
            0.13972477064220185,
            -0.00009174311926605505,
            0.49275229357798167,
            -0.00009174311926605505,
            0.5977064220183487,
            "c",
            0,
            0.13073394495412843,
            -0.05798165137614679,
            0.03238532110091743,
            -0.07128440366972477,
            0.01834862385321101
        ],
        [
            "M",
            0.12678899082568806,
            0.6281651376146788,
            "c",
            0.00963302752293578,
            0.008256880733944955,
            0.026238532110091743,
            0.005871559633027523,
            0.03908256880733945,
            -0.0028440366972477065,
            "C",
            0.2053211009174312,
            0.5986238532110092,
            0.24770642201834864,
            0.5688073394495413,
            0.35091743119266056,
            0.49467889908256885
        ],
        [
            "M",
            0.44724770642201833,
            0.2495412844036697,
            "c",
            0.016238532110091745,
            0.006880733944954129,
            0.04055045871559633,
            0.0032110091743119264,
            0.05733944954128441,
            0.00045871559633027525,
            "c",
            0.06422018348623854,
            -0.01036697247706422,
            0.10807339449541284,
            -0.0181651376146789,
            0.16633027522935778,
            -0.02688073394495413,
            "c",
            0.012201834862385321,
            -0.001834862385321101,
            0.03110091743119266,
            -0.0029357798165137615,
            0.043486238532110096,
            0.0001834862385321101
        ],
        [
            "M",
            0.5772477064220184,
            0.10660550458715595,
            "c",
            0.008440366972477065,
            0.008440366972477065,
            0.01165137614678899,
            0.019541284403669725,
            0.01165137614678899,
            0.03339449541284404,
            "c",
            0,
            0.05770642201834862,
            -0.0006422018348623854,
            0.18229357798165138,
            -0.0006422018348623854,
            0.22357798165137616
        ],
        [
            "M",
            0.3922018348623853,
            0.3901834862385321,
            "c",
            0.02522935779816514,
            0.007706422018348624,
            0.0555045871559633,
            0.003669724770642202,
            0.07596330275229357,
            0.0006422018348623854,
            "c",
            0.10128440366972476,
            -0.015137614678899082,
            0.2140366972477064,
            -0.034403669724770644,
            0.3311926605504587,
            -0.048348623853211,
            "c",
            0.02284403669724771,
            -0.002752293577981651,
            0.05385321100917431,
            -0.0077981651376146785,
            0.07568807339449542,
            0.0012844036697247708
        ],
        [
            "M",
            0.7833027522935779,
            0.1443119266055046,
            "c",
            0.0011926605504587156,
            0.01165137614678899,
            -0.0016513761467889907,
            0.02614678899082569,
            -0.010275229357798166,
            0.03990825688073394,
            "c",
            -0.111651376146789,
            0.17669724770642203,
            -0.20128440366972478,
            0.2942201834862385,
            -0.4100917431192661,
            0.4531192660550459
        ],
        [
            "M",
            0.7936697247706422,
            0.44495412844036697,
            "c",
            0,
            0.010275229357798166,
            -0.0047706422018348625,
            0.01871559633027523,
            -0.011743119266055046,
            0.0226605504587156,
            "c",
            -0.03880733944954129,
            0.02201834862385321,
            -0.0720183486238532,
            0.038073394495412846,
            -0.1626605504587156,
            0.06908256880733946
        ],
        [
            "M",
            0.591743119266055,
            0.4701834862385321,
            "c",
            0.0045871559633027525,
            0.009174311926605505,
            0.005688073394495413,
            0.024036697247706424,
            0.0001834862385321101,
            0.04201834862385321,
            "c",
            -0.006055045871559634,
            0.019541284403669725,
            -0.017064220183486238,
            0.058990825688073394,
            -0.0344954128440367,
            0.10275229357798164,
            "c",
            -0.010458715596330274,
            0.02614678899082569,
            -0.0039449541284403665,
            0.035596330275229356,
            0.019633027522935782,
            0.02981651376146789,
            "c",
            0.052477064220183486,
            -0.012844036697247705,
            0.14770642201834863,
            -0.039174311926605504,
            0.1973394495412844,
            -0.04807339449541285,
            "c",
            0.03055045871559633,
            -0.005412844036697248,
            0.04440366972477064,
            0.018073394495412842,
            0.03605504587155964,
            0.042201834862385317,
            "c",
            -0.017339449541284403,
            0.05064220183486238,
            -0.05385321100917431,
            0.13954128440366972,
            -0.09100917431192661,
            0.19256880733944953,
            "c",
            -0.03311926605504587,
            0.04724770642201835,
            -0.05834862385321101,
            0.04688073394495413,
            -0.09348623853211009,
            0.005321100917431192
        ]
    ],
    "words": [
        {
            "word": [
                [
                    "拷",
                    "ごう"
                ],
                [
                    "問",
                    "もん"
                ]
            ],
            "common": true,
            "jlpt": null,
            "meanings": [
                {
                    "type": "Noun, Suru verb, Transitive verb",
                    "meaning": "1. torture "
                },
                {
                    "type": "Wikipedia definition",
                    "meaning": "2. Torture Torture is the act of inflicting severe pain as a means o... Read more"
                },
                {
                    "type": "Noun, Suru verb, Transitive verb",
                    "meaning": "1. torture "
                },
                {
                    "type": "Wikipedia definition",
                    "meaning": "2. Torture Torture is the act of inflicting severe pain as a means o... Read more"
                }
            ],