{
    "kanji": "摯",
    "grade": 8,
    "jlpt": null,
    "frequency": 2170,
    "meanings": [
        "gift",
        "seriousness"
    ],
    "kun": [
        "いた.る"
    ],
    "on": [
        "シ"
    ],
    "strokes": [
        [
            "M",
            0.17339449541284402,
            0.16174311926605503,
            "c",
            0.006697247706422018,
            0.0021100917431192663,
            0.018990825688073393,
            0.002477064220183486,
            0.02568807339449541,
            0.0021100917431192663,
            "c",
            0.047706422018348627,
            -0.0023853211009174312,
            0.1641284403669725,
            -0.016238532110091745,
            0.2102752293577982,
            -0.017339449541284403,
            "c",
            0.011192660550458715,
            -0.0002752293577981651,
            0.017889908256880735,
            0.0010091743119266055,
            0.02348623853211009,
            0.002018348623853211
        ],
        [
            "M",
            0.301651376146789,
            0.0873394495412844,
            "c",
            0.0009174311926605505,
            0.0017431192660550458,
            0.01275229357798165,
            0.008990825688073394,
            0.01275229357798165,
            0.019908256880733943,
            "c",
            0,
            0.07119266055045871,
            -0.0013761467889908255,
            0.1191743119266055,
            -0.0013761467889908255,
            0.13706422018348624
        ],
        [
            "M",
            0.14247706422018347,
            0.2565137614678899,
            "c",
            0.00963302752293578,
            0.0028440366972477065,
            0.027339449541284404,
            0.003577981651376147,
            0.03697247706422019,
            0.0028440366972477065,
            "c",
            0.10550458715596331,
            -0.008532110091743119,
            0.1842201834862385,
            -0.020275229357798165,
            0.2555963302752294,
            -0.02192660550458716,
            "c",
            0.016055045871559634,
            -0.0003669724770642202,
            0.02568807339449541,
            0.0013761467889908255,
            0.03376146788990826,
            0.002752293577981651
        ],
        [
            "M",
            0.22311926605504587,
            0.2875229357798165,
            "c",
            0.014311926605504588,
            0.009357798165137614,
            0.03706422018348624,
            0.03834862385321101,
            0.04064220183486238,
            0.0528440366972477
        ],
        [
            "M",
            0.39256880733944954,
            0.2686238532110092,
            "c",
            0.00009174311926605505,
            0.0016513761467889907,
            0.0001834862385321101,
            0.004220183486238533,
            -0.0001834862385321101,
            0.006513761467889908,
            "c",
            -0.0023853211009174312,
            0.013761467889908258,
            -0.016146788990825688,
            0.04137614678899083,
            -0.03844036697247707,
            0.06788990825688074
        ],
        [
            "M",
            0.154954128440367,
            0.36577981651376146,
            "c",
            0.005596330275229358,
            0.0021100917431192663,
            0.024678899082568807,
            0.0021100917431192663,
            0.030275229357798163,
            0.001834862385321101,
            "c",
            0.07935779816513762,
            -0.0033944954128440367,
            0.1446788990825688,
            -0.01128440366972477,
            0.2388073394495413,
            -0.015504587155963302,
            "c",
            0.00926605504587156,
            -0.00045871559633027525,
            0.028623853211009177,
            -0.0012844036697247708,
            0.033211009174311926,
            -0.0002752293577981651
        ],
        [
            "M",
            0.14055045871559632,
            0.4537614678899083,
            "c",
            0.00944954128440367,
            0.002477064220183486,
            0.026788990825688072,
            0.003119266055045872,
            0.036238532110091745,
            0.002477064220183486,
            "c",
            0.07944954128440367,
            -0.006055045871559634,
            0.18541284403669725,
            -0.021192660550458715,
            0.266697247706422,
            -0.025045871559633028,
            "c",
            0.015688073394495412,
            -0.0007339449541284404,
            0.02522935779816514,
            0.0011926605504587156,
            0.03302752293577982,
            0.0023853211009174312
        ],
        [
            "M",
            0.30917431192660555,
            0.3723853211009175,
            "c",
            0.0033944954128440367,
            0.002660550458715596,
            0.010642201834862385,
            0.014587155963302753,
            0.011376146788990826,
            0.019908256880733943,
            "c",
            0.0007339449541284404,
            0.005321100917431192,
            -0.00045871559633027525,
            0.1296330275229358,
            -0.0011009174311926604,
            0.1626605504587156
        ],
        [
            "M",
            0.6435779816513763,
            0.08422018348623853,
            "c",
            0.004220183486238533,
            0.003669724770642202,
            0.005963302752293578,
            0.016238532110091745,
            0.005596330275229358,
            0.02284403669724771,
            "c",
            -0.01073394495412844,
            0.2089908256880734,
            -0.04596330275229358,
            0.3218348623853211,
            -0.1826605504587156,
            0.4053211009174312
        ],
        [
            "M",
            0.5179816513761468,
            0.21201834862385321,
            "c",
            0.0076146788990825685,
            0.0034862385321100917,
            0.02834862385321101,
            0.0011926605504587156,
            0.03779816513761468,
            0,
            "c",
            0.009541284403669725,
            -0.0011926605504587156,
            0.15678899082568806,
            -0.030275229357798163,
            0.18669724770642204,
            -0.03724770642201834,
            "c",
            0.02192660550458716,
            -0.005137614678899083,
            0.03431192660550459,
            0.011192660550458715,
            0.028440366972477066,
            0.024311926605504585,
            "c",
            -0.008532110091743119,
            0.01926605504587156,
            -0.02926605504587156,
            0.11568807339449541,
            -0.03660550458715597,
            0.16348623853211008,
            "c",
            -0.011834862385321101,
            0.07706422018348624,
            -0.002752293577981651,
            0.1143119266055046,
            0.08027522935779817,
            0.1143119266055046,
            "c",
            0.07697247706422018,
            0,
            0.06642201834862385,
            -0.0226605504587156,
            0.06642201834862385,
            -0.06385321100917431
        ],
        [
            "M",
            0.5392660550458716,
            0.30403669724770643,
            "c",
            0.056330275229357796,
            0.017889908256880735,
            0.11412844036697248,
            0.08174311926605504,
            0.12513761467889908,
            0.11110091743119266
        ],
        [
            "M",
            0.6236697247706422,
            0.48623853211009177,
            "c",
            0.0008256880733944953,
            0.0025688073394495416,
            0.0017431192660550458,
            0.006697247706422018,
            -0.0016513761467889907,
            0.010458715596330274,
            "c",
            -0.02018348623853211,
            0.02201834862385321,
            -0.13577981651376148,
            0.07018348623853211,
            -0.29403669724770637,
            0.09972477064220182
