{
    "kanji": "斤",
    "grade": 10,
    "jlpt": 1,
    "meanings": [
        "axe",
        "1.32 lb",
        "catty",
        "counter for loaves of bread",
        "axe radical (no. 69)"
    ],
    "kun": [
        "キン"
    ],
    "on": [],
    "strokes": [
        [
            "M",
            0.6010091743119267,
            0.0963302752293578,
            "c",
            0,
            0.011467889908256881,
            -0.010458715596330274,
            0.02146788990825688,
            -0.017889908256880735,
            0.027155963302752294,
            "C",
            0.5298165137614679,
            0.1651376146788991,
            0.41394495412844035,
            0.2328440366972477,
            0.2798165137614679,
            0.28211009174311924
        ],
        [
            "M",
            0.251651376146789,
            0.2787155963302752,
            "c",
            0.011192660550458715,
            0.011192660550458715,
            0.013853211009174311,
            0.02642201834862385,
            0.013944954128440367,
            0.044954128440366975,
            "c",
            0.0016513761467889907,
            0.25779816513761467,
            -0.02018348623853211,
            0.381651376146789,
            -0.1136697247706422,
            0.5030275229357798
        ],
        [
            "M",
            0.2958715596330275,
            0.40541284403669725,
            "c",
            0.025596330275229357,
            0.007981651376146788,
            0.06275229357798165,
            0.0011926605504587156,
            0.08862385321100917,
            -0.002752293577981651,
            "c",
            0.09559633027522936,
            -0.014311926605504588,
            0.2657798165137615,
            -0.04027522935779816,
            0.363211009174312,
            -0.05027522935779817,
            "c",
            0.028073394495412844,
            -0.0028440366972477065,
            0.058990825688073394,
            -0.005871559633027523,
            0.0871559633027523,
            -0.0006422018348623854
        ],
        [
            "M",
            0.558440366972477,
            0.4110091743119266,
            "c",
            0.009541284403669725,
            0.009541284403669725,
            0.014403669724770642,
            0.021376146788990826,
            0.014403669724770642,
            0.03908256880733945,
            "c",
            0,
            0.05889908256880734,
            -0.00045871559633027525,
            0.26504587155963305,
            -0.0006422018348623854,
            0.4088073394495413,
            "c",
            0,
            0.02568807339449541,
            0,
            0.04944954128440367,
            0,
            0.06990825688073395
        ]
    ],
    "words": [
        {
            "word": [
                [
                    "斤",
                    "きん"
                ]
            ],
            "common": false,
            "jlpt": null,
            "meanings": [
                {
                    "type": "Noun",
                    "meaning": "1. kin; catty; traditional unit of weight, 600g "
                },
                {
                    "type": "Noun",
                    "meaning": "2. pound (unit of weight) Obsolete term, See also 英斤 えいきん"
                },
                {
                    "type": "Noun, Counter",
                    "meaning": "3. loaf (of bread) "
                },
                {
                    "type": "Wikipedia definition",
                    "meaning": "4. Catty The catty, kitty or kati, symbol 斤, is a traditional Chin... Read more"
                },
                {
                    "type": "Noun",
                    "meaning": "1. kin; catty; traditional unit of weight, 600g "
                },
                {
                    "type": "Noun",
                    "meaning": "2. pound (unit of weight) Obsolete term, See also 英斤 えいきん"
                },
                {
                    "type": "Noun, Counter",
                    "meaning": "3. loaf (of bread) "
                },
                {
                    "type": "Wikipedia definition",
                    "meaning": "4. Catty The catty, kitty or kati, symbol 斤, is a traditional Chin... Read more"
                }
            ],
            "sentences": []
        },
        {
            "word": [
                [
                    "斧",
                    "おの"
                ],
                [
                    "旁",
                    "づくり"
                ]
            ],
            "common": false,
            "jlpt": null,
            "meanings": [
                {
                    "type": "Noun",
                    "meaning": "1. kanji \"axe\" radical at right Usually written using kana alone"
                },
                {
                    "type": "Other forms",
                    "meaning": "斤旁 【おのづくり】"
                },
                {
                    "type": "Noun",
                    "meaning": "1. kanji \"axe\" radical at right Usually written using kana alone"
                },
                {
                    "type": "Other forms",
                    "meaning": "斤旁 【おのづくり】"
                }
            ],
            "sentences": []
        },
        {
            "word": [
                [
                    "斤",
                    "きん"
                ],
                [
                    "量",
                    "りょう"
                ]
            ],
            "common": true,
            "jlpt": null,
            "meanings": [
                {
                    "type": "Noun",
                    "meaning": "1. impost; assigned weight Horse racing, See also 負担重量"
                },
                {
                    "type": "Noun",
                    "meaning": "2. (measured) weight "
                },
                {
                    "type": "Noun",
                    "meaning": "3. weight of 1000 sheets of paper (used as a measure of thickness); basis weight See also 連量"
                },
                {
                    "type": "Noun",
                    "meaning": "1. impost; assigned weight Horse racing, See also 負担重量"
                },
                {
                    "type": "Noun",
                    "meaning": "2. (measured) weight "
                },
                {
                    "type": "Noun",
                    "meaning": "3. weight of 1000 sheets of paper (used as a measure of thickness); basis weight See also 連量"
                }
            ],
            "sentences": []
        },
        {
            "word": [
                [
                    "斤",
                    "きん"
                ],
                [
                    "目",
                    "め"
                ]
            ],
            "common": false,
            "jlpt": null,
            "meanings": [
                {
                    "type": "Noun",
                    "meaning": "1. weight "
                },
                {
                    "type": "Noun",
                    "meaning": "1. weight "
                }
            ],
            "sentences": []
        },
        {
            "word": [
                [
                    "斤",
                    null
                ],
                [
                    "部",
                    null
                ]
            ],
            "common": false,
            "jlpt": null,
            "meanings": [
                {
                    "type": "Wikipedia definition",
                    "meaning": "1. Radical 69 Radical 69 meaning \"axe\" is 1 of 34 Kangxi radicals (214 ... Read more"
                }
            ],
            "sentences": []
        },
        {
            "word": [
                "斤",
                "きん"
            ],
            "common": false,
            "jlpt": null,