{
    "kanji": "旬",
    "grade": 8,
    "jlpt": 1,
    "frequency": 1162,
    "meanings": [
        "decameron",
        "ten-day period",
        "season (for specific products)"
    ],
    "kun": [
        "ジュン",
        "シュン"
    ],
    "on": [],
    "strokes": [
        [
            "M",
            0.3532110091743119,
            0.11009174311926606,
            "c",
            0.0005504587155963302,
            0.008256880733944955,
            -0.0005504587155963302,
            0.021559633027522937,
            -0.0034862385321100917,
            0.03330275229357798,
            "c",
            -0.020642201834862386,
            0.08477064220183486,
            -0.09146788990825688,
            0.2198165137614679,
            -0.20073394495412844,
            0.31422018348623854
        ],
        [
            "M",
            0.3256880733944954,
            0.28440366972477066,
            "c",
            0.02642201834862385,
            0.006330275229357797,
            0.05027522935779817,
            0.003577981651376147,
            0.07697247706422018,
            -0.0003669724770642202,
            "c",
            0.08788990825688073,
            -0.012844036697247705,
            0.2972477064220183,
            -0.04477064220183486,
            0.3690825688073394,
            -0.0528440366972477,
            "c",
            0.05385321100917431,
            -0.006146788990825688,
            0.07559633027522936,
            0.014495412844036697,
            0.06770642201834862,
            0.06926605504587156,
            "c",
            -0.006880733944954129,
            0.0481651376146789,
            -0.04568807339449542,
            0.3555045871559633,
            -0.13073394495412843,
            0.5321100917431193,
            "c",
            -0.03211009174311927,
            0.06678899082568808,
            -0.05495412844036698,
            0.048532110091743116,
            -0.09862385321100918,
            0.0022935779816513763
        ],
        [
            "M",
            0.28458715596330275,
            0.4375229357798165,
            "c",
            0.006513761467889908,
            0.006513761467889908,
            0.00908256880733945,
            0.017706422018348624,
            0.00908256880733945,
            0.02724770642201835,
            "c",
            0,
            0.0039449541284403665,
            0,
            0.15559633027522937,
            0,
            0.24045871559633028,
            "c",
            0,
            0.03311926605504587,
            0,
            0.056055045871559635,
            0,
            0.05614678899082569
        ],
        [
            "M",
            0.3038532110091743,
            0.45706422018348625,
            "c",
            0.016238532110091745,
            -0.0010091743119266055,
            0.1544954128440367,
            -0.022752293577981652,
            0.20678899082568808,
            -0.030275229357798163,
            "c",
            0.02743119266055046,
            -0.0039449541284403665,
            0.041834862385321095,
            0.0016513761467889907,
            0.04137614678899083,
            0.030733944954128442,
            "c",
            -0.0006422018348623854,
            0.0408256880733945,
            -0.00009174311926605505,
            0.16596330275229357,
            0.0002752293577981651,
            0.23623853211009174,
            "c",
            0.0001834862385321101,
            0.028990825688073395,
            0.0002752293577981651,
            0.04862385321100917,
            0.0002752293577981651,
            0.049082568807339445
        ],
        [
            "M",
            0.304954128440367,
            0.5938532110091743,
            "c",
            0.04018348623853211,
            -0.004403669724770642,
            0.18587155963302754,
            -0.020458715596330276,
            0.23743119266055046,
            -0.02348623853211009
        ],
        [
            "M",
            0.30605504587155963,
            0.7344954128440367,
            "c",
            0.05972477064220183,
            -0.004036697247706422,
            0.16522935779816514,
            -0.01091743119266055,
            0.23623853211009174,
            -0.014128440366972478
        ]
    ],
    "words": [
        {
            "word": [
                [
                    "旬",
                    "しゅん"
                ]
            ],
            "common": true,
            "jlpt": null,
            "meanings": [
                {
                    "type": "Noun, Noun which may take the genitive case particle 'no'",
                    "meaning": "1. season (for fruit, seafood, etc.); best time of the year (for) "
                },
                {
                    "type": "Noun which may take the genitive case particle 'no', Na-adjective (keiyodoshi)",
                    "meaning": "2. in vogue; popular; hot; fresh "
                },
                {
                    "type": "Wikipedia definition",
                    "meaning": "3. Seasonal food Seasonality of food refers to the times of year when a gi... Read more"
                },
                {
                    "type": "Noun",
                    "meaning": "1. ten-day period (in a month) "
                },
                {
                    "type": "Noun",
                    "meaning": "2. ten-year period (in one's age); decade "
                },
                {
                    "type": "Noun, Noun which may take the genitive case particle 'no'",
                    "meaning": "1. season (for fruit, seafood, etc.); best time of the year (for) "
                },
                {
                    "type": "Noun which may take the genitive case particle 'no', Na-adjective (keiyodoshi)",
                    "meaning": "2. in vogue; popular; hot; fresh "
                },
                {
                    "type": "Wikipedia definition",
                    "meaning": "3. Seasonal food Seasonality of food refers to the times of year when a gi... Read more"
                },
                {
                    "type": "Noun",
                    "meaning": "1. ten-day period (in a month) "
                },
                {
                    "type": "Noun",
                    "meaning": "2. ten-year period (in one's age); decade "
                }
            ],
            "sentences": []
        },
        {
            "word": [
                [
                    "旬",
                    "じゅん"
                ],
                [
                    "報",
                    "ぽう"
                ]
            ],
            "common": false,
            "jlpt": null,
            "meanings": [
                {
                    "type": "Noun",
                    "meaning": "1. ten-day report "
                },
                {
                    "type": "Noun",
                    "meaning": "1. ten-day report "
                }
            ],
            "sentences": []
        },
        {
            "word": [
                [
                    "旬",
                    "じゅん"
                ],
                [
                    "月",
                    "げつ"
                ]
            ],
            "common": false,
            "jlpt": null,
            "meanings": [
                {
                    "type": "Noun",
                    "meaning": "1. month and ten days; ten months; short time "
                },
                {
                    "type": "Noun",
                    "meaning": "1. month and ten days; ten months; short time "
                }
            ],
            "sentences": []
        },
        {
            "word": [
                [
                    "旬",
                    "じゅん"
                ],
                [
                    "日",
                    "じつ"
                ]
            ],
            "common": false,
            "jlpt": null,