{
    "kanji": "朕",
    "grade": 8,
    "jlpt": 1,
    "frequency": null,
    "meanings": [
        "majestic plural",
        "imperial we"
    ],
    "kun": [
        "チン"
    ],
    "on": [],
    "strokes": [
        [
            "M",
            0.1832110091743119,
            0.18798165137614678,
            "c",
            0.007064220183486239,
            0.007064220183486239,
            0.00944954128440367,
            0.016146788990825688,
            0.00963302752293578,
            0.027981651376146787,
            "C",
            0.19724770642201836,
            0.5321100917431193,
            0.17779816513761468,
            0.7075229357798165,
            0.10321100917431193,
            0.8430275229357799
        ],
        [
            "M",
            0.2024770642201835,
            0.20238532110091742,
            "c",
            0.036238532110091745,
            -0.005504587155963302,
            0.09119266055045872,
            -0.017614678899082567,
            0.11513761467889909,
            -0.02146788990825688,
            "c",
            0.03394495412844037,
            -0.005504587155963302,
            0.04064220183486238,
            0.011376146788990826,
            0.040458715596330276,
            0.04036697247706422,
            "c",
            -0.0007339449541284404,
            0.08321100917431193,
            -0.00009174311926605505,
            0.4178899082568807,
            -0.00009174311926605505,
            0.5705504587155963,
            "c",
            0,
            0.11568807339449541,
            -0.054220183486238534,
            0.03256880733944954,
            -0.07064220183486239,
            0.01871559633027523
        ],
        [
            "M",
            0.2024770642201835,
            0.3733944954128441,
            "c",
            0.04981651376146789,
            -0.006422018348623853,
            0.09908256880733946,
            -0.01330275229357798,
            0.14293577981651376,
            -0.01669724770642202
        ],
        [
            "M",
            0.19275229357798165,
            0.5426605504587155,
            "c",
            0.04577981651376147,
            -0.0047706422018348625,
            0.10908256880733945,
            -0.011743119266055046,
            0.1563302752293578,
            -0.015596330275229357
        ],
        [
            "M",
            0.4734862385321101,
            0.18605504587155963,
            "c",
            0.02743119266055046,
            0.021559633027522937,
            0.07091743119266056,
            0.08844036697247706,
            0.07779816513761469,
            0.12192660550458714
        ],
        [
            "M",
            0.7341284403669724,
            0.1526605504587156,
            "c",
            0.00045871559633027525,
            0.00908256880733945,
            0.0003669724770642202,
            0.015963302752293577,
            -0.0028440366972477065,
            0.024587155963302753,
            "c",
            -0.017706422018348624,
            0.04761467889908257,
            -0.040458715596330276,
            0.09963302752293578,
            -0.07981651376146788,
            0.16293577981651378
        ],
        [
            "M",
            0.4567889908256881,
            0.381559633027523,
            "c",
            0.017431192660550456,
            0.007064220183486239,
            0.04027522935779816,
            0.0029357798165137615,
            0.05807339449541284,
            0.0002752293577981651,
            "c",
            0.06467889908256881,
            -0.00944954128440367,
            0.16137614678899082,
            -0.023211009174311924,
            0.2179816513761468,
            -0.028715596330275227,
            "c",
            0.019357798165137614,
            -0.001926605504587156,
            0.037981651376146786,
            -0.0037614678899082566,
            0.0571559633027523,
            0.0008256880733944953
        ],
        [
            "M",
            0.40587155963302757,
            0.5342201834862385,
            "c",
            0.024128440366972478,
            0.0047706422018348625,
            0.04137614678899083,
            0.003853211009174312,
            0.059816513761467884,
            0.0014678899082568807,
            "c",
            0.09376146788990826,
            -0.012110091743119267,
            0.25055045871559634,
            -0.028440366972477066,
            0.3324770642201835,
            -0.03330275229357798,
            "c",
            0.025596330275229357,
            -0.001559633027522936,
            0.04807339449541285,
            0.0007339449541284404,
            0.07311926605504587,
            0.006605504587155963
        ],
        [
            "M",
            0.5999082568807339,
            0.40018348623853206,
            "c",
            0.005596330275229358,
            0.009174311926605505,
            0.007247706422018349,
            0.021559633027522937,
            0.006788990825688073,
            0.03486238532110091,
            "C",
            0.5976146788990826,
            0.6829357798165138,
            0.5321100917431193,
            0.7889908256880734,
            0.4192660550458716,
            0.856605504587156
        ],
        [
            "M",
            0.6096330275229358,
            0.551743119266055,
            "c",
            0.050091743119266056,
            0.05871559633027523,
            0.1406422018348624,
            0.17825688073394494,
            0.2055045871559633,
            0.24311926605504589,
            "c",
            0.01871559633027523,
            0.01871559633027523,
            0.038073394495412846,
            0.03880733944954129,
            0.05963302752293578,
            0.05192660550458716
        ]
    ],
    "words": [
        {
            "word": [
                [
                    "朕",
                    "ちん"
                ]
            ],
            "common": false,
            "jlpt": null,
            "meanings": [
                {
                    "type": "Pronoun",
                    "meaning": "1. We Dated term, first person pronoun used by the Emperor"
                },
                {
                    "type": "Pronoun",
                    "meaning": "1. We Dated term, first person pronoun used by the Emperor"
                }
            ],
            "sentences": []
        },
        {
            "word": [
                "朕穂",
                "さほ"
            ],
            "common": false,
            "jlpt": null,
            "meanings": [
                {
                    "type": "Female given name",
                    "meaning": "1. Saho "
                },
                {
                    "type": "Female given name",
                    "meaning": "1. Sayaka "
                }
            ],
            "sentences": []
        }
    ]
}