{
    "kanji": "某",
    "grade": 8,
    "jlpt": 1,
    "frequency": 2106,
    "meanings": [
        "so-and-so",
        "one",
        "a certain",
        "that person"
    ],
    "kun": [
        "それがし",
        "なにがし"
    ],
    "on": [
        "ボウ"
    ],
    "strokes": [
        [
            "M",
            0.19412844036697247,
            0.24458715596330274,
            "c",
            0.020091743119266054,
            0.007155963302752294,
            0.047339449541284405,
            0.00944954128440367,
            0.06862385321100918,
            0.0076146788990825685,
            "c",
            0.11688073394495413,
            -0.010275229357798166,
            0.3313761467889908,
            -0.03155963302752293,
            0.4576146788990826,
            -0.04321100917431193,
            "c",
            0.023577981651376145,
            -0.0021100917431192663,
            0.04844036697247707,
            -0.005596330275229358,
            0.07183486238532111,
            -0.0005504587155963302
        ],
        [
            "M",
            0.35477064220183485,
            0.12715596330275228,
            "c",
            0.007889908256880733,
            0.007889908256880733,
            0.009541284403669725,
            0.019633027522935782,
            0.009541284403669725,
            0.030458715596330274,
            "c",
            0,
            0.006055045871559634,
            -0.0007339449541284404,
            0.19669724770642202,
            -0.0007339449541284404,
            0.3124770642201835,
            "c",
            0,
            0.023761467889908256,
            0.0001834862385321101,
            0.03963302752293578,
            -0.00009174311926605505,
            0.0481651376146789
        ],
        [
            "M",
            0.6129357798165138,
            0.1010091743119266,
            "c",
            0.00944954128440367,
            0.00944954128440367,
            0.011926605504587157,
            0.020550458715596333,
            0.011926605504587157,
            0.030458715596330274,
            "c",
            0,
            0.006146788990825688,
            -0.0007339449541284404,
            0.21256880733944955,
            -0.0007339449541284404,
            0.3134862385321101,
            "c",
            0,
            0.021376146788990826,
            -0.0002752293577981651,
            0.034403669724770644,
            -0.0002752293577981651,
            0.0481651376146789
        ],
        [
            "M",
            0.37376146788990827,
            0.3703669724770642,
            "c",
            0.030733944954128442,
            -0.003669724770642202,
            0.21697247706422018,
            -0.024128440366972478,
            0.23862385321100918,
            -0.024128440366972478
        ],
        [
            "M",
            0.37376146788990827,
            0.5003669724770642,
            "c",
            0.06311926605504586,
            -0.008440366972477065,
            0.19798165137614676,
            -0.024128440366972478,
            0.24146788990825688,
            -0.02596330275229358
        ],
        [
            "M",
            0.14981651376146787,
            0.635045871559633,
            "c",
            0.029541284403669727,
            0.008990825688073394,
            0.05954128440366973,
            0.005688073394495413,
            0.08972477064220183,
            0.003027522935779817,
            "c",
            0.11770642201834862,
            -0.010550458715596329,
            0.3510091743119266,
            -0.03715596330275229,
            0.5277064220183486,
            -0.04422018348623853,
            "c",
            0.031192660550458714,
            -0.0012844036697247708,
            0.05963302752293578,
            0.0013761467889908255,
            0.09009174311926606,
            0.007064220183486239
        ],
        [
            "M",
            0.48752293577981654,
            0.5165137614678899,
            "c",
            0.00944954128440367,
            0.00944954128440367,
            0.012201834862385321,
            0.023577981651376145,
            0.012201834862385321,
            0.03853211009174312,
            "c",
            0,
            0.0808256880733945,
            -0.0001834862385321101,
            0.1808256880733945,
            -0.0002752293577981651,
            0.2820183486238532,
            "c",
            0,
            0.026972477064220183,
            0,
            0.05376146788990826,
            0,
            0.07981651376146788
        ],
        [
            "M",
            0.46522935779816516,
            0.6197247706422018,
            "c",
            0,
            0.01330275229357798,
            -0.006880733944954129,
            0.028073394495412844,
            -0.018256880733944953,
            0.04229357798165138,
            "c",
            -0.06963302752293578,
            0.08678899082568808,
            -0.1648623853211009,
            0.16935779816513763,
            -0.30477064220183486,
            0.21743119266055044
        ],
        [
            "M",
            0.5101834862385322,
            0.6471559633027524,
            "C",
            0.5527522935779816,
            0.6788990825688074,
            0.6870642201834862,
            0.7686238532110092,
            0.764862385321101,
            0.818348623853211,
            "c",
            0.024862385321100917,
            0.015871559633027523,
            0.052110091743119265,
            0.03,
            0.07917431192660551,
            0.04201834862385321
        ]
    ],
    "words": [
        {
            "word": [
                [
                    "某",
                    "ぼう"
                ]
            ],
            "common": true,
            "jlpt": null,
            "meanings": [
                {
                    "type": "Noun, Prefix",
                    "meaning": "1. certain; one "
                },
                {
                    "type": "Pronoun",
                    "meaning": "2. I; me Archaic, Humble (kenjougo) language, Male term or language, See also 某 それがし"
                },
                {
                    "type": "Pronoun",
                    "meaning": "1. someone; unknown person Archaic"
                },
                {
                    "type": "Pronoun",
                    "meaning": "2. I; me Archaic, used by samurai"
                },
                {
                    "type": "Noun, Prefix",
                    "meaning": "1. certain; one "
                },
                {
                    "type": "Pronoun",
                    "meaning": "2. I; me Archaic, Humble (kenjougo) language, Male term or language, See also 某 それがし"
                },
                {
                    "type": "Pronoun",
                    "meaning": "1. someone; unknown person Archaic"
                },
                {
                    "type": "Pronoun",
                    "meaning": "2. I; me Archaic, used by samurai"
                }
            ],
            "sentences": []
        },
        {
            "word": [
                [
                    "何",
                    "なに"
                ],
                [
                    "が",
                    null
                ],
                [
                    "し",
                    null
                ]
            ],
            "common": false,
            "jlpt": null,
            "meanings": [
                {
                    "type": "Noun, Noun which may take the genitive case particle 'no'",
                    "meaning": "1. certain amount; some Usually written using kana alone, Only applies to なにがし, usu. in the form なにがしか"
                },
                {
                    "type": "Pronoun",
                    "meaning": "2. certain person; Mr So-and-so; a certain ... "
                },
                {
                    "type": "Pronoun",