{
    "kanji": "棺",
    "grade": 8,
    "jlpt": 1,
    "frequency": 2161,
    "meanings": [
        "coffin",
        "casket"
    ],
    "kun": [
        "カン"
    ],
    "on": [],
    "strokes": [
        [
            "M",
            0.1310091743119266,
            0.3644036697247706,
            "c",
            0.020366972477064222,
            0.004862385321100918,
            0.041651376146788995,
            0.0021100917431192663,
            0.05513761467889908,
            0.0002752293577981651,
            "c",
            0.05018348623853211,
            -0.006697247706422018,
            0.13788990825688072,
            -0.02568807339449541,
            0.18908256880733945,
            -0.035871559633027524,
            "c",
            0.010642201834862385,
            -0.0021100917431192663,
            0.023853211009174313,
            -0.004220183486238533,
            0.0355045871559633,
            -0.002018348623853211
        ],
        [
            "M",
            0.2922935779816514,
            0.1536697247706422,
            "c",
            0.011559633027522935,
            0.011559633027522935,
            0.014128440366972478,
            0.02642201834862385,
            0.014128440366972478,
            0.042844036697247706,
            "c",
            0,
            0.0057798165137614675,
            -0.0001834862385321101,
            0.4353211009174312,
            -0.0001834862385321101,
            0.6154128440366973,
            "c",
            0,
            0.042201834862385317,
            0,
            0.07073394495412844,
            0,
            0.07688073394495414
        ],
        [
            "M",
            0.2999082568807339,
            0.364954128440367,
            "c",
            0,
            0.014587155963302753,
            -0.008715596330275228,
            0.04091743119266055,
            -0.014036697247706422,
            0.05532110091743119,
            "c",
            -0.040458715596330276,
            0.10935779816513762,
            -0.07614678899082569,
            0.16302752293577982,
            -0.13807339449541284,
            0.2663302752293578
        ],
        [
            "M",
            0.3348623853211009,
            0.4288990825688073,
            "c",
            0.024311926605504585,
            0.017798165137614678,
            0.0653211009174312,
            0.07229357798165137,
            0.08486238532110092,
            0.11009174311926606
        ],
        [
            "M",
            0.6325688073394495,
            0.1356880733944954,
            "c",
            0.008715596330275228,
            0.008715596330275228,
            0.012385321100917432,
            0.01798165137614679,
            0.012385321100917432,
            0.031743119266055046,
            "c",
            0,
            0.028440366972477066,
            -0.0005504587155963302,
            0.06779816513761468,
            -0.0005504587155963302,
            0.09376146788990826
        ],
        [
            "M",
            0.4654128440366972,
            0.27522935779816515,
            "c",
            0,
            0.028899082568807338,
            -0.016788990825688074,
            0.1189908256880734,
            -0.024403669724770642,
            0.13825688073394496
        ],
        [
            "M",
            0.4730275229357798,
            0.3001834862385321,
            "c",
            0.10495412844036697,
            -0.0226605504587156,
            0.2896330275229358,
            -0.047339449541284405,
            0.35605504587155967,
            -0.04926605504587156,
            "c",
            0.06651376146788991,
            -0.002018348623853211,
            0.04477064220183486,
            0.03128440366972477,
            -0.0023853211009174312,
            0.07192660550458715
        ],
        [
            "M",
            0.5254128440366973,
            0.40220183486238537,
            "c",
            0.007522935779816513,
            0.007522935779816513,
            0.01128440366972477,
            0.01871559633027523,
            0.01128440366972477,
            0.03220183486238532,
            "c",
            0,
            0.006238532110091744,
            -0.0005504587155963302,
            0.2573394495412844,
            -0.0007339449541284404,
            0.401651376146789,
            "c",
            0,
            0.01944954128440367,
            0,
            0.03688073394495413,
            0,
            0.051559633027522936
        ],
        [
            "M",
            0.5441284403669725,
            0.42660550458715596,
            "c",
            0.05174311926605504,
            -0.010550458715596329,
            0.1396330275229358,
            -0.024678899082568807,
            0.18743119266055044,
            -0.03155963302752293,
            "c",
            0.03128440366972477,
            -0.0045871559633027525,
            0.04541284403669725,
            -0.0025688073394495416,
            0.038256880733944953,
            0.032844036697247704,
            "c",
            -0.006605504587155963,
            0.0326605504587156,
            -0.014220183486238533,
            0.05669724770642202,
            -0.023577981651376145,
            0.10211009174311927
        ],
        [
            "M",
            0.5453211009174311,
            0.566605504587156,
            "c",
            0.03357798165137615,
            -0.004128440366972477,
            0.12568807339449542,
            -0.01651376146788991,
            0.18642201834862385,
            -0.023394495412844035,
            "c",
            0.011834862385321101,
            -0.0013761467889908255,
            0.02256880733944954,
            -0.002660550458715596,
            0.03155963302752293,
            -0.003853211009174312
        ],
        [
            "M",
            0.5474311926605505,
            0.6896330275229358,
            "c",
            0.04981651376146789,
            -0.007247706422018349,
            0.1563302752293578,
            -0.024128440366972478,
            0.20724770642201834,
            -0.0318348623853211,
            "c",
            0.02724770642201835,
            -0.004128440366972477,
            0.042201834862385317,
            0.0034862385321100917,
            0.036146788990825685,
            0.03504587155963303,
            "c",
            -0.007339449541284404,
            0.03853211009174312,
            -0.017798165137614678,
            0.07321100917431193,
            -0.027706422018348623,
            0.12559633027522935
        ],
        [
            "M",
            0.5464220183486239,
            0.8505504587155963,
            "c",
            0.03339449541284404,
            -0.004495412844036697,
            0.12577981651376147,
            -0.014495412844036697,
            0.19660550458715595,
            -0.021100917431192658,
            "c",
            0.014220183486238533,
            -0.0012844036697247708,
            0.027614678899082565,
            -0.002477064220183486,
            0.039449541284403665,
            -0.0034862385321100917
        ]
    ],
    "words": [
        {
            "word": [
                [
                    "棺",
                    "かん"
                ]
            ],
            "common": true,
            "jlpt": null,
            "meanings": [
                {
                    "type": "Noun",
                    "meaning": "1. coffin; casket "
                },
                {
                    "type": "Wikipedia definition",
                    "meaning": "2. Coffin A coffin is a funerary box used in the display and contai... Read more"
                },
                {
                    "type": "Other forms",
                    "meaning": "棺 【ひつぎ】、柩 【ひつぎ】、柩 【きゅう】"
                },
                {
                    "type": "Noun",