{
    "kanji": "殉",
    "grade": 8,
    "jlpt": 1,
    "frequency": 2080,
    "meanings": [
        "martyrdom",
        "follow by resigning"
    ],
    "kun": [
        "ジュン"
    ],
    "on": [],
    "strokes": [
        [
            "M",
            0.14220183486238533,
            0.25146788990825686,
            "c",
            0.01834862385321101,
            0.003119266055045872,
            0.0373394495412844,
            0.003027522935779817,
            0.056330275229357796,
            -0.0005504587155963302,
            "c",
            0.052752293577981654,
            -0.009724770642201836,
            0.13440366972477064,
            -0.0226605504587156,
            0.18798165137614678,
            -0.028440366972477066,
            "c",
            0.018807339449541282,
            -0.002018348623853211,
            0.03541284403669725,
            -0.0032110091743119264,
            0.053944954128440366,
            0.001559633027522936
        ],
        [
            "M",
            0.26981651376146787,
            0.2820183486238532,
            "c",
            0.001834862385321101,
            0.005045871559633028,
            0.002660550458715596,
            0.020366972477064222,
            -0.0011009174311926604,
            0.03,
            "c",
            -0.025596330275229357,
            0.06495412844036698,
            -0.055412844036697245,
            0.12724770642201835,
            -0.14330275229357797,
            0.223302752293578
        ],
        [
            "M",
            0.26275229357798163,
            0.3949541284403669,
            "c",
            0.0023853211009174312,
            0.0003669724770642202,
            0.01275229357798165,
            0,
            0.019633027522935782,
            -0.0011009174311926604,
            "c",
            0.019357798165137614,
            -0.0028440366972477065,
            0.04385321100917432,
            -0.008899082568807339,
            0.07458715596330276,
            -0.015045871559633026,
            "c",
            0.024954128440366975,
            -0.004954128440366972,
            0.042201834862385317,
            0.013394495412844036,
            0.031467889908256885,
            0.04119266055045872,
            "C",
            0.3485321100917431,
            0.5234862385321101,
            0.29128440366972475,
            0.6732110091743119,
            0.12486238532110092,
            0.7981651376146789
        ],
        [
            "M",
            0.19688073394495414,
            0.521559633027523,
            "c",
            0.02614678899082569,
            0.011559633027522935,
            0.06743119266055045,
            0.047706422018348627,
            0.07394495412844038,
            0.06577981651376147
        ],
        [
            "M",
            0.5601834862385321,
            0.1353211009174312,
            "c",
            0.0002752293577981651,
            0.005504587155963302,
            0.0016513761467889907,
            0.014495412844036697,
            -0.0005504587155963302,
            0.02220183486238532,
            "C",
            0.5412844036697247,
            0.22018348623853212,
            0.5102752293577981,
            0.29357798165137616,
            0.45440366972477064,
            0.36816513761467895
        ],
        [
            "M",
            0.5255045871559633,
            0.28440366972477066,
            "c",
            0.02018348623853211,
            0.007889908256880733,
            0.04412844036697247,
            0.006880733944954129,
            0.06504587155963303,
            0.003027522935779817,
            "c",
            0.04889908256880734,
            -0.008990825688073394,
            0.1740366972477064,
            -0.030917431192660553,
            0.21247706422018348,
            -0.032844036697247704,
            "c",
            0.045871559633027525,
            -0.0022935779816513763,
            0.05532110091743119,
            0.01330275229357798,
            0.052752293577981654,
            0.06192660550458716,
            "c",
            -0.0023853211009174312,
            0.04477064220183486,
            -0.02834862385321101,
            0.3555045871559633,
            -0.07605504587155963,
            0.5075229357798166,
            "c",
            -0.019174311926605504,
            0.06110091743119266,
            -0.04155963302752294,
            0.06541284403669724,
            -0.08449541284403671,
            0.02
        ],
        [
            "M",
            0.49577981651376146,
            0.41642201834862386,
            "c",
            0.006055045871559634,
            0.006055045871559634,
            0.009357798165137614,
            0.015045871559633026,
            0.009357798165137614,
            0.024403669724770642,
            "c",
            0,
            0.007064220183486239,
            -0.00045871559633027525,
            0.1536697247706422,
            -0.0003669724770642202,
            0.23339449541284404,
            "c",
            0,
            0.025779816513761468,
            0.00009174311926605505,
            0.04357798165137615,
            0.0003669724770642202,
            0.045871559633027525
        ],
        [
            "M",
            0.5137614678899083,
            0.4310091743119266,
            "c",
            0.021192660550458715,
            -0.004495412844036697,
            0.09568807339449541,
            -0.01926605504587156,
            0.13321100917431192,
            -0.02651376146788991,
            "c",
            0.021100917431192658,
            -0.004036697247706422,
            0.03394495412844037,
            0.003669724770642202,
            0.03394495412844037,
            0.030091743119266053,
            "c",
            0,
            0.031743119266055046,
            -0.0002752293577981651,
            0.1559633027522936,
            -0.0002752293577981651,
            0.23055045871559632,
            "c",
            0,
            0.025045871559633028,
            -0.0002752293577981651,
            0.042201834862385317,
            -0.0002752293577981651,
            0.04385321100917432
        ],
        [
            "M",
            0.5184403669724771,
            0.5525688073394495,
            "C",
            0.5527522935779816,
            0.5481651376146789,
            0.6330275229357798,
            0.5377981651376147,
            0.6678899082568807,
            0.536697247706422
        ],
        [
            "M",
            0.5153211009174312,
            0.6893577981651376,
            "c",
            0.0373394495412844,
            -0.005045871559633028,
            0.108348623853211,
            -0.011743119266055046,
            0.15477064220183487,
            -0.016055045871559634
        ]
    ],
    "words": [
        {
            "word": [
                [
                    "殉",
                    "じゅん"
                ],
                [
                    "教",
                    "きょう"
                ]
            ],
            "common": false,
            "jlpt": null,
            "meanings": [
                {
                    "type": "Noun, Suru verb, Intransitive verb",
                    "meaning": "1. martyrdom "
                },
                {
                    "type": "Wikipedia definition",
                    "meaning": "2. Martyr A martyr is somebody who suffers persecution and death fo... Read more"
                },
                {
                    "type": "Noun, Suru verb, Intransitive verb",
                    "meaning": "1. martyrdom "
                },
                {
                    "type": "Wikipedia definition",
                    "meaning": "2. Martyr A martyr is somebody who suffers persecution and death fo... Read more"
                }
            ],