{
    "kanji": "瞭",
    "grade": 8,
    "jlpt": 1,
    "frequency": null,
    "meanings": [
        "clear"
    ],
    "kun": [
        "あきらか"
    ],
    "on": [
        "リョウ"
    ],
    "strokes": [
        [
            "M",
            0.11348623853211008,
            0.23477064220183486,
            "c",
            0.008256880733944955,
            0.008256880733944955,
            0.00834862385321101,
            0.01651376146788991,
            0.00834862385321101,
            0.03385321100917431,
            "c",
            0,
            0.013486238532110091,
            0.0006422018348623854,
            0.5136697247706422,
            0.0006422018348623854,
            0.5204587155963303
        ],
        [
            "M",
            0.1304587155963303,
            0.25128440366972477,
            "c",
            0.022477064220183487,
            -0.0037614678899082566,
            0.08422018348623853,
            -0.014403669724770642,
            0.11376146788990826,
            -0.018807339449541282,
            "c",
            0.02596330275229358,
            -0.003853211009174312,
            0.03256880733944954,
            0.007981651376146788,
            0.03275229357798165,
            0.0336697247706422,
            "c",
            0.0005504587155963302,
            0.0671559633027523,
            0.0002752293577981651,
            0.36587155963302753,
            0.0003669724770642202,
            0.5018348623853212
        ],
        [
            "M",
            0.13027522935779817,
            0.4111926605504587,
            "c",
            0.04211009174311926,
            -0.004311926605504587,
            0.09165137614678899,
            -0.01091743119266055,
            0.13522935779816514,
            -0.015321100917431192
        ],
        [
            "M",
            0.13137614678899082,
            0.5801834862385321,
            "c",
            0.044862385321100914,
            -0.004495412844036697,
            0.10027522935779816,
            -0.011376146788990826,
            0.13633027522935778,
            -0.012844036697247705
        ],
        [
            "M",
            0.13036697247706422,
            0.7636697247706421,
            "c",
            0.035321100917431195,
            -0.005963302752293578,
            0.09412844036697247,
            -0.012660550458715595,
            0.13770642201834862,
            -0.01293577981651376
        ],
        [
            "M",
            0.3736697247706422,
            0.21651376146788992,
            "c",
            0.032293577981651375,
            0.007064220183486239,
            0.06311926605504586,
            0.002660550458715596,
            0.08605504587155964,
            -0.0005504587155963302,
            "c",
            0.08266055045871559,
            -0.011834862385321101,
            0.20853211009174313,
            -0.024954128440366975,
            0.2961467889908257,
            -0.031467889908256885,
            "c",
            0.026238532110091743,
            -0.001926605504587156,
            0.052935779816513755,
            -0.005229357798165137,
            0.07889908256880733,
            0.0006422018348623854
        ],
        [
            "M",
            0.5711926605504587,
            0.11467889908256881,
            "c",
            0.004495412844036697,
            0.009174311926605505,
            0.004220183486238533,
            0.019541284403669725,
            0.0012844036697247708,
            0.029908256880733942,
            "C",
            0.536697247706422,
            0.27293577981651373,
            0.4724770642201835,
            0.3796330275229358,
            0.33256880733944955,
            0.4725688073394495
        ],
        [
            "M",
            0.6323853211009175,
            0.20568807339449544,
            "c",
            0.04119266055045872,
            0.037981651376146786,
            0.12036697247706421,
            0.11981651376146789,
            0.17678899082568808,
            0.16752293577981653,
            "C",
            0.8302752293577982,
            0.39100917431192656,
            0.8486238532110092,
            0.4036697247706422,
            0.8715596330275229,
            0.4151376146788991
        ],
        [
            "M",
            0.3694495412844037,
            0.2920183486238532,
            "c",
            0.023577981651376145,
            0.01073394495412844,
            0.06100917431192661,
            0.04412844036697247,
            0.06688073394495413,
            0.060825688073394495
        ],
        [
            "M",
            0.8144036697247706,
            0.2398165137614679,
            "c",
            0.0003669724770642202,
            0.002660550458715596,
            0.0007339449541284404,
            0.006788990825688073,
            -0.0007339449541284404,
            0.010550458715596329,
            "c",
            -0.004495412844036697,
            0.011834862385321101,
            -0.020366972477064222,
            0.031192660550458714,
            -0.04422018348623853,
            0.051192660550458714
        ],
        [
            "M",
            0.4379816513761468,
            0.42495412844036695,
            "c",
            0.006605504587155963,
            0.006605504587155963,
            0.01036697247706422,
            0.013119266055045872,
            0.012660550458715595,
            0.023669724770642202,
            "c",
            0.0077981651376146785,
            0.03577981651376147,
            0.01669724770642202,
            0.07972477064220183,
            0.024587155963302753,
            0.12266055045871559,
            "c",
            0.002752293577981651,
            0.014862385321100919,
            0.005321100917431192,
            0.029541284403669727,
            0.0077981651376146785,
            0.04376146788990825
        ],
        [
            "M",
            0.4575229357798165,
            0.43605504587155963,
            "c",
            0.0708256880733945,
            -0.007981651376146788,
            0.19715596330275229,
            -0.02073394495412844,
            0.2626605504587156,
            -0.028440366972477066,
            "c",
            0.03357798165137615,
            -0.0039449541284403665,
            0.04807339449541285,
            0.006330275229357797,
            0.04302752293577982,
            0.036238532110091745,
            "c",
            -0.005137614678899083,
            0.03018348623853211,
            -0.013027522935779816,
            0.07394495412844038,
            -0.02018348623853211,
            0.11458715596330275,
            "c",
            -0.002660550458715596,
            0.015045871559633026,
            -0.005137614678899083,
            0.02963302752293578,
            -0.007339449541284404,
            0.04293577981651376
        ],
        [
            "M",
            0.4743119266055046,
            0.5146788990825688,
            "c",
            0.02522935779816514,
            -0.0033944954128440367,
            0.2564220183486238,
            -0.021559633027522937,
            0.27724770642201835,
            -0.022935779816513763
        ],
        [
            "M",
            0.491651376146789,
            0.6012844036697248,
            "c",
            0.05587155963302752,
            -0.0037614678899082566,
            0.15284403669724772,
            -0.013027522935779816,
            0.23724770642201834,
            -0.01651376146788991
        ],
        [
            "M",
            0.6088073394495412,
            0.6180733944954129,
            "c",
            0.008715596330275228,
            0.008715596330275228,
            0.01165137614678899,
            0.0218348623853211,
            0.01165137614678899,
            0.03880733944954129,
            "c",
            0,
            0.10844036697247707,
            -0.00009174311926605505,
            0.15486238532110091,
