{
    "kanji": "糾",
    "grade": 10,
    "jlpt": 1,
    "meanings": [
        "twist",
        "ask",
        "investigate",
        "verify"
    ],
    "kun": [
        "ただ.す"
    ],
    "on": [
        "キュウ"
    ],
    "strokes": [
        [
            "M",
            0.301651376146789,
            0.13229357798165137,
            "c",
            0.003119266055045872,
            0.012293577981651376,
            0.002018348623853211,
            0.0255045871559633,
            -0.006146788990825688,
            0.03715596330275229,
            "c",
            -0.047706422018348627,
            0.06788990825688074,
            -0.07642201834862386,
            0.10688073394495413,
            -0.12201834862385322,
            0.16027522935779814,
            "c",
            -0.008899082568807339,
            0.01036697247706422,
            -0.00944954128440367,
            0.024587155963302753,
            0.0045871559633027525,
            0.030733944954128442,
            "c",
            0.032293577981651375,
            0.014220183486238533,
            0.060825688073394495,
            0.02853211009174312,
            0.0891743119266055,
            0.0510091743119266
        ],
        [
            "M",
            0.40183486238532107,
            0.23559633027522936,
            "c",
            0.001834862385321101,
            0.012110091743119267,
            -0.00045871559633027525,
            0.02587155963302752,
            -0.006880733944954129,
            0.035229357798165134,
            "c",
            -0.05871559633027523,
            0.08577981651376146,
            -0.14440366972477064,
            0.1828440366972477,
            -0.21770642201834864,
            0.25862385321100917,
            "c",
            -0.016788990825688074,
            0.017339449541284403,
            -0.008715596330275228,
            0.03247706422018349,
            0.010550458715596329,
            0.02834862385321101,
            "c",
            0.04715596330275229,
            -0.010091743119266056,
            0.15477064220183487,
            -0.04119266055045872,
            0.2136697247706422,
            -0.05532110091743119
        ],
        [
            "M",
            0.3669724770642202,
            0.4334862385321101,
            "c",
            0.025137614678899085,
            0.02146788990825688,
            0.06486238532110092,
            0.0881651376146789,
            0.07110091743119266,
            0.12155963302752294
        ],
        [
            "M",
            0.29027522935779815,
            0.5607339449541284,
            "c",
            0.007981651376146788,
            0.007981651376146788,
            0.01128440366972477,
            0.02073394495412844,
            0.01128440366972477,
            0.035229357798165134,
            "c",
            0,
            0.05651376146788991,
            -0.0005504587155963302,
            0.17651376146788988,
            -0.0009174311926605505,
            0.24238532110091746,
            "c",
            -0.00009174311926605505,
            0.024128440366972478,
            -0.0001834862385321101,
            0.041009174311926605,
            -0.0001834862385321101,
            0.04477064220183486
        ],
        [
            "M",
            0.19587155963302755,
            0.6522935779816513,
            "c",
            0.0014678899082568807,
            0.008623853211009174,
            -0.0011009174311926604,
            0.025596330275229357,
            -0.0037614678899082566,
            0.0318348623853211,
            "c",
            -0.017155963302752295,
            0.04027522935779816,
            -0.0555045871559633,
            0.10642201834862385,
            -0.07981651376146788,
            0.1410091743119266
        ],
        [
            "M",
            0.3796330275229358,
            0.6273394495412844,
            "c",
            0.032018348623853214,
            0.04403669724770642,
            0.05128440366972477,
            0.11073394495412844,
            0.057798165137614675,
            0.15000000000000002
        ],
        [
            "M",
            0.5446788990825688,
            0.20412844036697247,
            "c",
            0.008623853211009174,
            0.008623853211009174,
            0.01110091743119266,
            0.0218348623853211,
            0.01110091743119266,
            0.034403669724770644,
            "c",
            0,
            0.009357798165137614,
            0.0002752293577981651,
            0.29009174311926605,
            0.0002752293577981651,
            0.37155963302752293
        ],
        [
            "M",
            0.47706422018348627,
            0.6215596330275229,
            "c",
            0.019174311926605504,
            0.00834862385321101,
            0.045504587155963304,
            0.005412844036697248,
            0.06559633027522936,
            0.002752293577981651,
            "C",
            0.6170642201834863,
            0.6143119266055045,
            0.7431192660550459,
            0.591743119266055,
            0.8394495412844036,
            0.5854128440366972,
            "c",
            0.014678899082568808,
            -0.0010091743119266055,
            0.03155963302752293,
            -0.001926605504587156,
            0.045871559633027525,
            0.0017431192660550458
        ],
        [
            "M",
            0.7488073394495414,
            0.11238532110091744,
            "c",
            0.009816513761467891,
            0.009724770642201836,
            0.01110091743119266,
            0.022935779816513763,
            0.01110091743119266,
            0.03669724770642202,
            "c",
            0,
            0.08027522935779817,
            0.0007339449541284404,
            0.46073394495412845,
            0.0003669724770642202,
            0.6628440366972477,
            "c",
            -0.00009174311926605505,
            0.03660550458715597,
            -0.00009174311926605505,
            0.06477064220183486,
            -0.00009174311926605505,
            0.08027522935779817
        ]
    ],
    "words": [
        {
            "word": [
                [
                    "糺",
                    "ただ"
                ],
                [
                    "す",
                    null
                ]
            ],
            "common": true,
            "jlpt": null,
            "meanings": [
                {
                    "type": "Godan verb with 'su' ending, Transitive verb",
                    "meaning": "1. to ascertain; to confirm; to verify; to make sure of Usually written using kana alone, See also 聞きただす ききただす"
                },
                {
                    "type": "Other forms",
                    "meaning": "糾す 【ただす】、正す 【ただす】"
                },
                {
                    "type": "Notes",
                    "meaning": "正す: Irregular kanji usage."
                },
                {
                    "type": "Godan verb with 'su' ending, Transitive verb",
                    "meaning": "1. to ascertain; to confirm; to verify; to make sure of Usually written using kana alone, See also 聞きただす ききただす"
                },
                {
                    "type": "Other forms",
                    "meaning": "糾す 【ただす】、正す 【ただす】"
                },
                {
                    "type": "Notes",
                    "meaning": "正す: Irregular kanji usage."
                }
            ],
            "sentences": []
        },
        {
            "word": [
                [
                    "糾",
                    "あざな"
                ],
                [
                    "う",
                    null
                ]
            ],
            "common": false,
            "jlpt": null,
            "meanings": [
                {
                    "type": "Godan verb with 'u' ending",