{
    "kanji": "緻",
    "grade": 8,
    "jlpt": null,
    "frequency": 2460,
    "meanings": [
        "fine (i.e. not coarse)"
    ],
    "kun": [
        "こまか.い"
    ],
    "on": [
        "チ"
    ],
    "strokes": [
        [
            "M",
            0.22954128440366972,
            0.13761467889908258,
            "c",
            0.002752293577981651,
            0.012385321100917432,
            0.0028440366972477065,
            0.021559633027522937,
            -0.0013761467889908255,
            0.03504587155963303,
            "c",
            -0.01853211009174312,
            0.05954128440366973,
            -0.0673394495412844,
            0.13660550458715598,
            -0.10348623853211009,
            0.18412844036697248,
            "c",
            -0.005045871559633028,
            0.006605504587155963,
            -0.005412844036697248,
            0.028623853211009177,
            0,
            0.030917431192660553,
            "c",
            0.028623853211009177,
            0.012385321100917432,
            0.06330275229357799,
            0.014862385321100919,
            0.08779816513761468,
            0.03752293577981651
        ],
        [
            "M",
            0.3098165137614679,
            0.2585321100917431,
            "c",
            0.0022935779816513763,
            0.0047706422018348625,
            0.0029357798165137615,
            0.020275229357798165,
            0,
            0.025412844036697246,
            "c",
            -0.045504587155963304,
            0.08009174311926606,
            -0.12128440366972477,
            0.18238532110091743,
            -0.18385321100917432,
            0.2503669724770642,
            "c",
            -0.014311926605504588,
            0.015596330275229357,
            0.003577981651376147,
            0.024495412844036696,
            0.01293577981651376,
            0.021376146788990826,
            "c",
            0.039174311926605504,
            -0.01330275229357798,
            0.12045871559633028,
            -0.03376146788990826,
            0.17082568807339452,
            -0.04642201834862385
        ],
        [
            "M",
            0.2591743119266055,
            0.4334862385321101,
            "c",
            0.029908256880733942,
            0.0218348623853211,
            0.0773394495412844,
            0.08981651376146788,
            0.08486238532110092,
            0.12385321100917432
        ],
        [
            "M",
            0.228348623853211,
            0.5561467889908257,
            "c",
            0.0006422018348623854,
            0.003119266055045872,
            0.00834862385321101,
            0.015963302752293577,
            0.008990825688073394,
            0.035321100917431195,
            "c",
            0.0028440366972477065,
            0.09311926605504588,
            -0.001834862385321101,
            0.24844036697247704,
            -0.001834862385321101,
            0.28009174311926605
        ],
        [
            "M",
            0.15834862385321102,
            0.6307339449541285,
            "c",
            0.0013761467889908255,
            0.008623853211009174,
            0.0011009174311926604,
            0.0255045871559633,
            -0.0013761467889908255,
            0.03165137614678899,
            "C",
            0.14091743119266054,
            0.7024770642201834,
            0.10073394495412845,
            0.7798165137614679,
            0.0779816513761468,
            0.8142201834862385
        ],
        [
            "M",
            0.29128440366972475,
            0.6169724770642202,
            "c",
            0.030917431192660553,
            0.02981651376146789,
            0.05467889908256881,
            0.09908256880733946,
            0.06192660550458716,
            0.12614678899082568
        ],
        [
            "M",
            0.36009174311926606,
            0.19247706422018349,
            "c",
            0.0039449541284403665,
            0.0014678899082568807,
            0.01110091743119266,
            0.0017431192660550458,
            0.014954128440366971,
            0.0014678899082568807,
            "c",
            0.05376146788990826,
            -0.003853211009174312,
            0.13642201834862386,
            -0.015412844036697248,
            0.2020183486238532,
            -0.01724770642201835,
            "c",
            0.006513761467889908,
            -0.0001834862385321101,
            0.010458715596330274,
            0.0006422018348623854,
            0.013669724770642202,
            0.0013761467889908255
        ],
        [
            "M",
            0.45697247706422023,
            0.22018348623853212,
            "c",
            0.0022935779816513763,
            0.004128440366972477,
            0.003027522935779817,
            0.016972477064220184,
            0.0013761467889908255,
            0.021743119266055048,
            "c",
            -0.01981651376146789,
            0.055412844036697245,
            -0.05165137614678899,
            0.09155963302752294,
            -0.07899082568807339,
            0.14495412844036698,
            "c",
            -0.008807339449541284,
            0.01724770642201835,
            -0.00944954128440367,
            0.028807339449541284,
            0.004678899082568807,
            0.023761467889908256,
            "c",
            0.03302752293577982,
            -0.011834862385321101,
            0.11036697247706422,
            -0.043486238532110096,
            0.1623853211009174,
            -0.06311926605504586
        ],
        [
            "M",
            0.5160550458715596,
            0.30275229357798167,
            "c",
            0.0226605504587156,
            0.0181651376146789,
            0.05853211009174312,
            0.07486238532110091,
            0.06422018348623854,
            0.10321100917431193
        ],
        [
            "M",
            0.36926605504587157,
            0.5888073394495413,
            "c",
            0.006972477064220183,
            0.0007339449541284404,
            0.020642201834862386,
            0.0016513761467889907,
            0.024495412844036696,
            0.0014678899082568807,
            "c",
            0.04467889908256881,
            -0.002201834862385321,
            0.11339449541284403,
            -0.018073394495412842,
            0.15458715596330277,
            -0.023027522935779813,
            "c",
            0.006330275229357797,
            -0.0007339449541284404,
            0.02,
            0.0007339449541284404,
            0.023211009174311924,
            0.0014678899082568807
        ],
        [
            "M",
            0.4695412844036697,
            0.41990825688073397,
            "c",
            0.0005504587155963302,
            0.003669724770642202,
            0.007889908256880733,
            0.01926605504587156,
            0.007889908256880733,
            0.042844036697247706,
            "c",
            0,
            0.11816513761467891,
            0.0002752293577981651,
            0.2428440366972477,
            0.0002752293577981651,
            0.2812844036697248
        ],
        [
            "M",
            0.3669724770642202,
            0.8009174311926606,
            "c",
            0.008256880733944955,
            0.0074311926605504595,
            0.022752293577981652,
            0.005321100917431192,
            0.02926605504587156,
            0.0011009174311926604,
            "c",
            0.06559633027522936,
            -0.04256880733944954,
            0.12155963302752294,
            -0.07146788990825688,
            0.211651376146789,
            -0.1304587155963303
        ],
        [
            "M",
            0.701743119266055,
            0.14119266055045873,
            "c",
            0.0003669724770642202,
            0.0081651376146789,
            0.0017431192660550458,
            0.021376146788990826,
