{
    "kanji": "耗",
    "grade": 8,
    "jlpt": 1,
    "frequency": null,
    "meanings": [
        "decrease"
    ],
    "kun": [
        "モウ",
        "コウ"
    ],
    "on": [],
    "strokes": [
        [
            "M",
            0.14954128440366973,
            0.2738532110091743,
            "c",
            0.014770642201834864,
            0.005963302752293578,
            0.03697247706422019,
            0.006422018348623853,
            0.05238532110091743,
            0.004220183486238533,
            "c",
            0.061834862385321106,
            -0.00908256880733945,
            0.11908256880733946,
            -0.020917431192660547,
            0.17660550458715596,
            -0.028899082568807338,
            "c",
            0.014495412844036697,
            -0.002018348623853211,
            0.029908256880733942,
            -0.006513761467889908,
            0.04458715596330275,
            -0.0033027522935779813
        ],
        [
            "M",
            0.17256880733944954,
            0.388348623853211,
            "c",
            0.0163302752293578,
            0.005229357798165137,
            0.035596330275229356,
            0.002018348623853211,
            0.052110091743119265,
            -0.0002752293577981651,
            "c",
            0.04697247706422018,
            -0.006697247706422018,
            0.11247706422018348,
            -0.023669724770642202,
            0.1526605504587156,
            -0.03110091743119266,
            "c",
            0.012660550458715595,
            -0.0022935779816513763,
            0.024036697247706424,
            -0.002201834862385321,
            0.03669724770642202,
            -0.002018348623853211
        ],
        [
            "M",
            0.11036697247706422,
            0.5072477064220183,
            "c",
            0.023944954128440367,
            0.006697247706422018,
            0.04477064220183486,
            0.008440366972477065,
            0.0698165137614679,
            0.004311926605504587,
            "c",
            0.06513761467889909,
            -0.01073394495412844,
            0.1656880733944954,
            -0.032293577981651375,
            0.2108256880733945,
            -0.04155963302752294,
            "c",
            0.015596330275229357,
            -0.0032110091743119264,
            0.03155963302752293,
            -0.006146788990825688,
            0.04752293577981651,
            -0.0034862385321100917
        ],
        [
            "M",
            0.29311926605504585,
            0.12155963302752294,
            "c",
            0.008807339449541284,
            0.008807339449541284,
            0.010458715596330274,
            0.0218348623853211,
            0.010458715596330274,
            0.03357798165137615,
            "c",
            0,
            0.0074311926605504595,
            0.0001834862385321101,
            0.5054128440366973,
            0.0001834862385321101,
            0.6843119266055047,
            "c",
            0,
            0.02706422018348624,
            -0.00045871559633027525,
            0.04577981651376147,
            -0.0007339449541284404,
            0.052752293577981654
        ],
        [
            "M",
            0.29174311926605506,
            0.49871559633027523,
            "c",
            0,
            0.01165137614678899,
            -0.0029357798165137615,
            0.025045871559633028,
            -0.008899082568807339,
            0.03715596330275229,
            "C",
            0.23678899082568805,
            0.6288990825688073,
            0.16862385321100917,
            0.7236697247706422,
            0.07844036697247707,
            0.7957798165137614
        ],
        [
            "M",
            0.3267889908256881,
            0.5435779816513762,
            "c",
            0.01871559633027523,
            0.016788990825688074,
            0.06128440366972477,
            0.07587155963302752,
            0.07761467889908258,
            0.1089908256880734
        ],
        [
            "M",
            0.7181651376146789,
            0.12844036697247707,
            "c",
            -0.0025688073394495416,
            0.011467889908256881,
            -0.005871559633027523,
            0.017522935779816513,
            -0.014862385321100919,
            0.025779816513761468,
            "C",
            0.6594495412844036,
            0.19412844036697247,
            0.5754128440366972,
            0.24596330275229356,
            0.47706422018348627,
            0.28440366972477066
        ],
        [
            "M",
            0.48853211009174313,
            0.44045871559633026,
            "c",
            0.02642201834862385,
            0.006788990825688073,
            0.04412844036697247,
            0.0034862385321100917,
            0.06321100917431192,
            -0.001834862385321101,
            "c",
            0.07559633027522936,
            -0.021192660550458715,
            0.14211009174311925,
            -0.04064220183486238,
            0.2131192660550459,
            -0.052477064220183486,
            "c",
            0.01688073394495413,
            -0.0028440366972477065,
            0.034403669724770644,
            -0.0047706422018348625,
            0.05055045871559633,
            0.0002752293577981651
        ],
        [
            "M",
            0.4576146788990826,
            0.6047706422018349,
            "c",
            0.019724770642201832,
            0.012018348623853212,
            0.05651376146788991,
            0.007981651376146788,
            0.07715596330275229,
            0.001926605504587156,
            "C",
            0.6330275229357798,
            0.5779816513761468,
            0.7393577981651377,
            0.5456880733944954,
            0.811651376146789,
            0.5324770642201835,
            "c",
            0.0218348623853211,
            -0.0039449541284403665,
            0.04302752293577982,
            -0.005688073394495413,
            0.06477064220183486,
            -0.0003669724770642202
        ],
        [
            "M",
            0.6031192660550458,
            0.2556880733944954,
            "c",
            0.00926605504587156,
            0.00926605504587156,
            0.012385321100917432,
            0.0218348623853211,
            0.012385321100917432,
            0.04064220183486238,
            "c",
            0,
            0.07513761467889908,
            -0.0007339449541284404,
            0.38697247706422017,
            -0.0007339449541284404,
            0.43302752293577984,
            "c",
            0,
            0.10935779816513762,
            0.017522935779816513,
            0.12642201834862385,
            0.1375229357798165,
            0.12642201834862385,
            "c",
            0.12311926605504588,
            0,
            0.13082568807339448,
            -0.017064220183486238,
            0.13082568807339448,
            -0.10348623853211009
        ]
    ],
    "words": [
        {
            "word": [
                [
                    "消",
                    "しょう"
                ],
                [
                    "耗",
                    "もう"
                ]
            ],
            "common": true,
            "jlpt": 2,
            "meanings": [
                {
                    "type": "Noun, Suru verb, Transitive verb, Intransitive verb",
                    "meaning": "1. exhaustion; consumption; using up; dissipation; waste "
                },
                {
                    "type": "Other forms",
                    "meaning": "消耗 【しょうこう】"
                }
            ],
            "sentences": []
        },
        {
            "word": [
                [
                    "摩",
                    "ま"
                ],
                [
                    "耗",
                    "もう"
                ]
            ],
            "common": false,