{
    "kanji": "肖",
    "grade": 10,
    "jlpt": 1,
    "meanings": [
        "resemblance"
    ],
    "kun": [
        "あやか.る"
    ],
    "on": [
        "ショウ"
    ],
    "strokes": [
        [
            "M",
            0.4948623853211009,
            0.09055045871559632,
            "c",
            0.012385321100917432,
            0.012385321100917432,
            0.015779816513761466,
            0.028715596330275227,
            0.015779816513761466,
            0.04660550458715596,
            "c",
            0,
            0.10366972477064221,
            0,
            0.14036697247706423,
            0,
            0.24009174311926607
        ],
        [
            "M",
            0.2603669724770642,
            0.18917431192660553,
            "c",
            0.037614678899082564,
            0.024128440366972478,
            0.09724770642201834,
            0.09458715596330276,
            0.10669724770642203,
            0.13211009174311927
        ],
        [
            "M",
            0.744954128440367,
            0.1481651376146789,
            "c",
            0.0007339449541284404,
            0.00944954128440367,
            0.0008256880733944953,
            0.016605504587155963,
            -0.003669724770642202,
            0.024954128440366975,
            "c",
            -0.024495412844036696,
            0.045871559633027525,
            -0.044954128440366975,
            0.07394495412844038,
            -0.09899082568807338,
            0.12495412844036696
        ],
        [
            "M",
            0.32798165137614677,
            0.3781651376146789,
            "c",
            0.009357798165137614,
            0.009357798165137614,
            0.013761467889908258,
            0.023211009174311924,
            0.013761467889908258,
            0.03669724770642202,
            "c",
            0,
            0.007064220183486239,
            0.0003669724770642202,
            0.2528440366972477,
            0.0003669724770642202,
            0.38788990825688074,
            "c",
            0,
            0.046330275229357794,
            -0.00009174311926605505,
            0.07935779816513762,
            -0.0003669724770642202,
            0.08458715596330275
        ],
        [
            "M",
            0.3486238532110092,
            0.3988073394495413,
            "c",
            0.06073394495412844,
            -0.006605504587155963,
            0.2798165137614679,
            -0.033211009174311926,
            0.30045871559633025,
            -0.034403669724770644,
            "c",
            0.033211009174311926,
            -0.002018348623853211,
            0.045871559633027525,
            0.010642201834862385,
            0.045871559633027525,
            0.04357798165137615,
            "c",
            0,
            0.09889908256880733,
            0,
            0.23623853211009174,
            0,
            0.42201834862385323,
            "c",
            0,
            0.10119266055045871,
            -0.05504587155963303,
            0.0255045871559633,
            -0.07568807339449542,
            0.00944954128440367
        ],
        [
            "M",
            0.35091743119266056,
            0.5180733944954128,
            "c",
            0.11009174311926606,
            -0.011192660550458715,
            0.23045871559633027,
            -0.019174311926605504,
            0.3348623853211009,
            -0.02522935779816514
        ],
        [
            "M",
            0.3532110091743119,
            0.653394495412844,
            "c",
            0.07339449541284404,
            -0.006880733944954129,
            0.24770642201834864,
            -0.020642201834862386,
            0.33256880733944955,
            -0.02522935779816514
        ]
    ],
    "words": [
        {
            "word": [
                [
                    "肖",
                    "しょう"
                ],
                [
                    "像",
                    "ぞう"
                ]
            ],
            "common": true,
            "jlpt": null,
            "meanings": [
                {
                    "type": "Noun",
                    "meaning": "1. portrait; likeness; picture "
                },
                {
                    "type": "Wikipedia definition",
                    "meaning": "2. Portrait A portrait is a painting, photograph, sculpture, or other... Read more"
                },
                {
                    "type": "Noun",
                    "meaning": "1. portrait; likeness; picture "
                },
                {
                    "type": "Wikipedia definition",
                    "meaning": "2. Portrait A portrait is a painting, photograph, sculpture, or other... Read more"
                }
            ],
            "sentences": []
        },
        {
            "word": [
                [
                    "肖",
                    "しょう"
                ],
                [
                    "像",
                    "ぞう"
                ],
                [
                    "画",
                    "が"
                ]
            ],
            "common": false,
            "jlpt": null,
            "meanings": [
                {
                    "type": "Noun",
                    "meaning": "1. portrait "
                },
                {
                    "type": "Noun",
                    "meaning": "1. portrait "
                }
            ],
            "sentences": []
        },
        {
            "word": [
                [
                    "肖",
                    "あやか"
                ],
                [
                    "る",
                    null
                ]
            ],
            "common": false,
            "jlpt": null,
            "meanings": [
                {
                    "type": "Godan verb with 'ru' ending, Intransitive verb",
                    "meaning": "1. to share (someone's) good luck; to follow (someone's) example; to enjoy the same benefits (of someone or something); to capitalize (on the popularity of something) Usually written using kana alone"
                },
                {
                    "type": "Godan verb with 'ru' ending, Intransitive verb",
                    "meaning": "2. to be named after Usually written using kana alone女王にあやかって、その船にクイーンメリー号と名付けた。They named the ship Queen Mary after the Queen."
                },
                {
                    "type": "Godan verb with 'ru' ending, Intransitive verb",
                    "meaning": "1. to share (someone's) good luck; to follow (someone's) example; to enjoy the same benefits (of someone or something); to capitalize (on the popularity of something) Usually written using kana alone"
                },
                {
                    "type": "Godan verb with 'ru' ending, Intransitive verb",
                    "meaning": "2. to be named after Usually written using kana alone女王にあやかって、その船にクイーンメリー号と名付けた。They named the ship Queen Mary after the Queen."
                }
            ],