{
    "kanji": "虜",
    "grade": 8,
    "jlpt": 1,
    "frequency": 1678,
    "meanings": [
        "captive",
        "barbarian",
        "low epithet for the enemy"
    ],
    "kun": [
        "とりこ",
        "とりく"
    ],
    "on": [
        "リョ",
        "ロ"
    ],
    "strokes": [
        [
            "M",
            0.4795412844036698,
            0.06954128440366973,
            "c",
            0.009908256880733945,
            0.009908256880733945,
            0.013853211009174311,
            0.019908256880733943,
            0.013853211009174311,
            0.03908256880733945,
            "c",
            0,
            0.022110091743119266,
            -0.0001834862385321101,
            0.05688073394495413,
            -0.0001834862385321101,
            0.0955045871559633
        ],
        [
            "M",
            0.5032110091743119,
            0.1355045871559633,
            "C",
            0.5458715596330275,
            0.12844036697247707,
            0.6100917431192661,
            0.12155963302752294,
            0.6533027522935779,
            0.11596330275229358,
            "c",
            0.014220183486238533,
            -0.001834862385321101,
            0.027522935779816515,
            -0.0006422018348623854,
            0.034770642201834866,
            0.0011009174311926604
        ],
        [
            "M",
            0.23422018348623855,
            0.23330275229357797,
            "c",
            0.010550458715596329,
            0.010550458715596329,
            0.009908256880733945,
            0.023577981651376145,
            0.009908256880733945,
            0.041100917431192666,
            "c",
            0,
            0.21422018348623856,
            -0.04688073394495413,
            0.4434862385321101,
            -0.12027522935779816,
            0.5489908256880734
        ],
        [
            "M",
            0.24990825688073393,
            0.2522018348623853,
            "c",
            0.019541284403669725,
            -0.002201834862385321,
            0.03,
            -0.003577981651376147,
            0.04715596330275229,
            -0.006605504587155963,
            "c",
            0.12954128440366972,
            -0.02311926605504587,
            0.3038532110091743,
            -0.04944954128440367,
            0.46155963302752295,
            -0.052110091743119265,
            "c",
            0.11073394495412844,
            -0.001834862385321101,
            0.027981651376146787,
            0.04963302752293578,
            0.00045871559633027525,
            0.06908256880733946
        ],
        [
            "M",
            0.32339449541284404,
            0.32743119266055043,
            "c",
            0.017522935779816513,
            0.008073394495412844,
            0.044862385321100914,
            0.003577981651376147,
            0.06275229357798165,
            -0.00045871559633027525,
            "c",
            0.06504587155963303,
            -0.014403669724770642,
            0.15816513761467887,
            -0.035871559633027524,
            0.22623853211009173,
            -0.04559633027522936,
            "c",
            0.017431192660550456,
            -0.002477064220183486,
            0.03311926605504587,
            -0.0045871559633027525,
            0.050366972477064224,
            0.0001834862385321101
        ],
        [
            "M",
            0.47339449541284406,
            0.24761467889908256,
            "c",
            0.007247706422018349,
            0.007247706422018349,
            0.008256880733944955,
            0.015596330275229357,
            0.008256880733944955,
            0.02532110091743119,
            "c",
            0,
            0.015504587155963302,
            0.0005504587155963302,
            0.046697247706422015,
            0.0005504587155963302,
            0.059357798165137615,
            "c",
            0,
            0.02669724770642202,
            0.014403669724770642,
            0.034678899082568805,
            0.08990825688073395,
            0.034678899082568805,
            "c",
            0.04724770642201835,
            0,
            0.09522935779816515,
            -0.0022935779816513763,
            0.11605504587155964,
            -0.007339449541284404
        ],
        [
            "M",
            0.3532110091743119,
            0.4410091743119266,
            "c",
            0.007706422018348624,
            0.007706422018348624,
            0.009174311926605505,
            0.015412844036697248,
            0.012110091743119267,
            0.026972477064220183,
            "c",
            0.007247706422018349,
            0.029357798165137616,
            0.014036697247706422,
            0.08174311926605504,
            0.019724770642201832,
            0.12605504587155963,
            "c",
            0.001559633027522936,
            0.012201834862385321,
            0.003027522935779817,
            0.024128440366972478,
            0.004403669724770642,
            0.03513761467889908
        ],
        [
            "M",
            0.3688073394495413,
            0.4556880733944954,
            "c",
            0.10137614678899083,
            -0.011926605504587157,
            0.26458715596330273,
            -0.030642201834862385,
            0.3276146788990826,
            -0.031467889908256885,
            "c",
            0.0255045871559633,
            -0.0003669724770642202,
            0.040733944954128444,
            0.014036697247706422,
            0.035321100917431195,
            0.038256880733944953,
            "c",
            -0.005688073394495413,
            0.02532110091743119,
            -0.01926605504587156,
            0.06330275229357799,
            -0.03036697247706422,
            0.10009174311926605,
            "c",
            -0.003853211009174312,
            0.01275229357798165,
            -0.007706422018348624,
            0.02532110091743119,
            -0.01128440366972477,
            0.03724770642201834
        ],
        [
            "M",
            0.5264220183486239,
            0.4502752293577981,
            "c",
            0.008256880733944955,
            0.008256880733944955,
            0.008990825688073394,
            0.017614678899082567,
            0.008990825688073394,
            0.02743119266055046,
            "c",
            0,
            0.04807339449541285,
            -0.0010091743119266055,
            0.09788990825688074,
            -0.0010091743119266055,
            0.11174311926605504
        ],
        [
            "M",
            0.38724770642201833,
            0.5294495412844037,
            "c",
            0.08862385321100917,
            -0.01,
            0.23770642201834863,
            -0.023761467889908256,
            0.32128440366972477,
            -0.024587155963302753
        ],
        [
            "M",
            0.3988990825688073,
            0.6142201834862385,
            "c",
            0.08944954128440367,
            -0.01073394495412844,
            0.17220183486238533,
            -0.018990825688073393,
            0.2851376146788991,
            -0.0263302752293578
        ],
        [
            "M",
            0.3054128440366972,
            0.7111009174311927,
            "c",
            0.024495412844036696,
            0.006238532110091744,
            0.048348623853211,
            0.004036697247706422,
            0.07302752293577981,
            0.0011926605504587156,
            "c",
            0.09146788990825688,
            -0.01036697247706422,
            0.26880733944954127,
            -0.035596330275229356,
            0.32449541284403666,
            -0.04137614678899083,
            "c",
            0.03669724770642202,
            -0.0037614678899082566,
            0.047981651376146794,
            0.004954128440366972,
            0.0381651376146789,
            0.04018348623853211,
            "c",
