{
    "kanji": "衷",
    "grade": 8,
    "jlpt": 1,
    "frequency": 2229,
    "meanings": [
        "inmost",
        "heart",
        "mind",
        "inside"
    ],
    "kun": [
        "チュウ"
    ],
    "on": [],
    "strokes": [
        [
            "M",
            0.1834862385321101,
            0.23954128440366973,
            "c",
            0.031009174311926603,
            0.004678899082568807,
            0.05889908256880734,
            0.0029357798165137615,
            0.08834862385321102,
            -0.0003669724770642202,
            "c",
            0.11688073394495413,
            -0.013211009174311925,
            0.3226605504587156,
            -0.030825688073394496,
            0.45743119266055043,
            -0.041651376146788995,
            "c",
            0.031192660550458714,
            -0.002477064220183486,
            0.06339449541284403,
            -0.0028440366972477065,
            0.09412844036697247,
            0.0033944954128440367
        ],
        [
            "M",
            0.26605504587155965,
            0.3398165137614679,
            "c",
            0.008440366972477065,
            0.008440366972477065,
            0.015045871559633026,
            0.020642201834862386,
            0.015963302752293577,
            0.024495412844036696,
            "c",
            0.010642201834862385,
            0.04614678899082569,
            0.015779816513761466,
            0.07302752293577981,
            0.02192660550458716,
            0.10788990825688073,
            "c",
            0.001834862385321101,
            0.010458715596330274,
            0.0037614678899082566,
            0.02165137614678899,
            0.005963302752293578,
            0.03422018348623853
        ],
        [
            "M",
            0.2879816513761468,
            0.3515596330275229,
            "c",
            0.10779816513761468,
            -0.010825688073394495,
            0.3211009174311927,
            -0.035321100917431195,
            0.3920183486238532,
            -0.041009174311926605,
            "c",
            0.03155963302752293,
            -0.0025688073394495416,
            0.042844036697247706,
            0.0077981651376146785,
            0.03541284403669725,
            0.038073394495412846,
            "C",
            0.7064220183486238,
            0.3853211009174312,
            0.7002752293577982,
            0.411651376146789,
            0.6919266055045872,
            0.44321100917431194
        ],
        [
            "M",
            0.3145871559633027,
            0.48394495412844035,
            "c",
            0.05678899082568808,
            -0.003577981651376147,
            0.23357798165137617,
            -0.023761467889908256,
            0.3414678899082569,
            -0.030733944954128442,
            "c",
            0.02256880733944954,
            -0.0014678899082568807,
            0.042201834862385317,
            -0.002660550458715596,
            0.05724770642201835,
            -0.0033944954128440367
        ],
        [
            "M",
            0.48394495412844035,
            0.10779816513761468,
            "c",
            0.009724770642201836,
            0.009724770642201836,
            0.013761467889908258,
            0.024036697247706424,
            0.013761467889908258,
            0.03669724770642202,
            "c",
            0,
            0.0963302752293578,
            0,
            0.23623853211009174,
            0,
            0.31422018348623854
        ],
        [
            "M",
            0.46761467889908254,
            0.49660550458715597,
            "c",
            0.0008256880733944953,
            0.006330275229357797,
            0.0001834862385321101,
            0.015688073394495412,
            -0.006238532110091744,
            0.023211009174311924,
            "C",
            0.41284403669724773,
            0.5768807339449542,
            0.3348623853211009,
            0.658256880733945,
            0.1656880733944954,
            0.7620183486238532
        ],
        [
            "M",
            0.39100917431192656,
            0.6360550458715596,
            "c",
            0.006697247706422018,
            0.006697247706422018,
            0.009174311926605505,
            0.01330275229357798,
            0.009174311926605505,
            0.024495412844036696,
            "c",
            0,
            0.09036697247706421,
            0.00045871559633027525,
            0.1756880733944954,
            0.00045871559633027525,
            0.19091743119266052,
            "c",
            0,
            0.015321100917431192,
            0.010825688073394495,
            0.023944954128440367,
            0.024587155963302753,
            0.012477064220183487,
            "c",
            0.013761467889908258,
            -0.011467889908256881,
            0.09651376146788991,
            -0.0853211009174312,
            0.13394495412844037,
            -0.11577981651376146
        ],
        [
            "M",
            0.7213761467889908,
            0.49926605504587157,
            "c",
            0.0002752293577981651,
            0.002752293577981651,
            -0.003577981651376147,
            0.011009174311926604,
            -0.005412844036697248,
            0.014678899082568808,
            "c",
            -0.01165137614678899,
            0.022752293577981652,
            -0.0481651376146789,
            0.05522935779816513,
            -0.10761467889908258,
            0.10055045871559634
        ],
        [
            "M",
            0.5068807339449541,
            0.5585321100917432,
            "c",
            0.012844036697247705,
            0.006422018348623853,
            0.17045871559633025,
            0.13944954128440365,
            0.25256880733944953,
            0.20293577981651378,
            "c",
            0.026238532110091743,
            0.020275229357798165,
            0.06165137614678899,
            0.0389908256880734,
            0.08458715596330275,
            0.047339449541284405
        ]
    ],
    "words": [
        {
            "word": [
                [
                    "衷",
                    "ちゅう"
                ],
                [
                    "心",
                    "しん"
                ]
            ],
            "common": false,
            "jlpt": null,
            "meanings": [
                {
                    "type": "Noun",
                    "meaning": "1. innermost feelings "
                },
                {
                    "type": "Noun",
                    "meaning": "1. innermost feelings "
                }
            ],
            "sentences": []
        },
        {
            "word": [
                [
                    "衷",
                    "ちゅう"
                ],
                [
                    "情",
                    "じょう"
                ]
            ],
            "common": false,
            "jlpt": null,
            "meanings": [
                {
                    "type": "Noun",
                    "meaning": "1. true heart; inner feelings "
                },
                {
                    "type": "Noun",
                    "meaning": "1. true heart; inner feelings "
                }
            ],
            "sentences": []
        },
        {
            "word": [
                "衷",
                "ただし"
            ],
            "common": false,
            "jlpt": null,
            "meanings": [
                {
                    "type": "Given name, gender not specified",
                    "meaning": "1. Tadashi "
                }
            ],
            "sentences": []
        },
        {
            "word": [
                "衷",
                "ちゅう"
            ],
            "common": false,
            "jlpt": null,
            "meanings": [
                {
                    "type": "Given name, gender not specified",