{
    "kanji": "詔",
    "grade": 10,
    "jlpt": 1,
    "meanings": [
        "imperial edict"
    ],
    "kun": [
        "みことのり"
    ],
    "on": [
        "ショウ"
    ],
    "strokes": [
        [
            "M",
            0.216697247706422,
            0.13302752293577982,
            "c",
            0.03018348623853211,
            0.016238532110091745,
            0.07788990825688073,
            0.06651376146788991,
            0.08541284403669726,
            0.09174311926605505
        ],
        [
            "M",
            0.10660550458715595,
            0.31495412844036696,
            "c",
            0.015321100917431192,
            0.005045871559633028,
            0.03596330275229358,
            0.005596330275229358,
            0.05165137614678899,
            0.003577981651376147,
            "c",
            0.06880733944954129,
            -0.008899082568807339,
            0.15660550458715597,
            -0.02311926605504587,
            0.20467889908256878,
            -0.030091743119266053,
            "c",
            0.01073394495412844,
            -0.001559633027522936,
            0.02706422018348624,
            -0.0012844036697247708,
            0.03247706422018349,
            -0.0001834862385321101
        ],
        [
            "M",
            0.18055045871559633,
            0.4294495412844037,
            "c",
            0.010458715596330274,
            0.003119266055045872,
            0.024587155963302753,
            0.0021100917431192663,
            0.03513761467889908,
            0.00009174311926605505,
            "c",
            0.040091743119266054,
            -0.0076146788990825685,
            0.0763302752293578,
            -0.01330275229357798,
            0.10311926605504587,
            -0.018807339449541282,
            "c",
            0.012018348623853212,
            -0.002477064220183486,
            0.02688073394495413,
            -0.0047706422018348625,
            0.03908256880733945,
            -0.0025688073394495416
        ],
        [
            "M",
            0.181651376146789,
            0.5397247706422018,
            "c",
            0.009908256880733945,
            0.003027522935779817,
            0.024862385321100917,
            0.002018348623853211,
            0.035229357798165134,
            0.0007339449541284404,
            "c",
            0.03889908256880734,
            -0.004954128440366972,
            0.07981651376146788,
            -0.01091743119266055,
            0.10339449541284404,
            -0.015504587155963302,
            "c",
            0.01128440366972477,
            -0.002201834862385321,
            0.024678899082568807,
            -0.004403669724770642,
            0.03605504587155964,
            -0.0022935779816513763
        ],
        [
            "M",
            0.1514678899082569,
            0.6756880733944954,
            "c",
            0.0077981651376146785,
            0.0077981651376146785,
            0.012568807339449543,
            0.020091743119266054,
            0.014770642201834864,
            0.030458715596330274,
            "c",
            0.006513761467889908,
            0.03036697247706422,
            0.013027522935779816,
            0.0746788990825688,
            0.02128440366972477,
            0.1191743119266055,
            "c",
            0.003119266055045872,
            0.01669724770642202,
            0.005963302752293578,
            0.03256880733944954,
            0.008440366972477065,
            0.04614678899082569
        ],
        [
            "M",
            0.1714678899082569,
            0.6845871559633028,
            "c",
            0.07229357798165137,
            -0.013944954128440367,
            0.10844036697247707,
            -0.02165137614678899,
            0.15678899082568806,
            -0.028899082568807338,
            "c",
            0.028899082568807338,
            -0.004311926605504587,
            0.04944954128440367,
            -0.004403669724770642,
            0.04146788990825688,
            0.030458715596330274,
            "c",
            -0.0077981651376146785,
            0.034403669724770644,
            -0.015688073394495412,
            0.06880733944954129,
            -0.02981651376146789,
            0.12541284403669725
        ],
        [
            "M",
            0.20110091743119268,
            0.8376146788990826,
            "c",
            0.04064220183486238,
            -0.004128440366972477,
            0.07165137614678899,
            -0.007522935779816513,
            0.12247706422018348,
            -0.012844036697247705,
            "c",
            0.010825688073394495,
            -0.0011009174311926604,
            0.022110091743119266,
            -0.00009174311926605505,
            0.03403669724770642,
            -0.0013761467889908255
        ],
        [
            "M",
            0.4730275229357798,
            0.23440366972477064,
            "c",
            0.024678899082568807,
            0.006422018348623853,
            0.053302752293577976,
            0.005045871559633028,
            0.07174311926605505,
            0.002752293577981651,
            "c",
            0.08642201834862386,
            -0.010642201834862385,
            0.21275229357798167,
            -0.030275229357798163,
            0.25431192660550456,
            -0.03330275229357798,
            "c",
            0.030825688073394496,
            -0.0022935779816513763,
            0.04642201834862385,
            0.010550458715596329,
            0.04128440366972477,
            0.04330275229357798,
            "c",
            -0.008256880733944955,
            0.052201834862385325,
            -0.04412844036697247,
            0.17110091743119266,
            -0.0906422018348624,
            0.2401834862385321,
            "c",
            -0.03990825688073394,
            0.059449541284403676,
            -0.06495412844036698,
            -0.008073394495412844,
            -0.07183486238532111,
            -0.016146788990825688
        ],
        [
            "M",
            0.6333944954128441,
            0.25788990825688074,
            "c",
            0.0005504587155963302,
            0.006605504587155963,
            0,
            0.015045871559633026,
            -0.0034862385321100917,
            0.024403669724770642,
            "C",
            0.6009174311926605,
            0.3623853211009174,
            0.5523853211009174,
            0.4624770642201835,
            0.43669724770642204,
            0.5472477064220184
        ],
        [
            "M",
            0.47376146788990825,
            0.6187155963302752,
            "c",
            0.008532110091743119,
            0.00908256880733945,
            0.01,
            0.0163302752293578,
            0.012477064220183487,
            0.027889908256880733,
            "c",
            0.008256880733944955,
            0.0381651376146789,
            0.017798165137614678,
            0.11155963302752293,
            0.024128440366972478,
            0.16788990825688074,
            "c",
            0.001926605504587156,
            0.017155963302752295,
            0.003669724770642202,
            0.032844036697247704,
            0.005321100917431192,
            0.04559633027522936
        ],
        [
            "M",
            0.49422018348623853,
            0.6305504587155963,
            "c",
            0.07596330275229357,
            -0.011467889908256881,
            0.22220183486238532,
            -0.028899082568807338,
            0.2834862385321101,
            -0.031743119266055046,
            "c",
            0.02853211009174312,
            -0.0012844036697247708,
            0.04568807339449542,
            0.013577981651376147,
            0.037981651376146786,
            0.04403669724770642,
            "c",
            -0.010183486238532111,
            0.04027522935779816,
            -0.02669724770642202,
