{
    "kanji": "謁",
    "grade": 10,
    "jlpt": 1,
    "meanings": [
        "audience",
        "audience (with king)"
    ],
    "kun": [
        "エツ"
    ],
    "on": [],
    "strokes": [
        [
            "M",
            0.23045871559633027,
            0.12844036697247707,
            "c",
            0.023669724770642202,
            0.013761467889908258,
            0.06110091743119266,
            0.056605504587155964,
            0.06706422018348623,
            0.0779816513761468
        ],
        [
            "M",
            0.12724770642201835,
            0.3011926605504587,
            "c",
            0.006513761467889908,
            0.0021100917431192663,
            0.031192660550458714,
            0.0028440366972477065,
            0.037614678899082564,
            0.0021100917431192663,
            "C",
            0.24880733944954128,
            0.29357798165137616,
            0.3119266055045872,
            0.28091743119266055,
            0.3698165137614679,
            0.27238532110091745,
            "c",
            0.01073394495412844,
            -0.001559633027522936,
            0.02706422018348624,
            -0.0012844036697247708,
            0.03247706422018349,
            -0.0001834862385321101
        ],
        [
            "M",
            0.18055045871559633,
            0.4202752293577982,
            "c",
            0.01036697247706422,
            0.0029357798165137615,
            0.02660550458715596,
            0.0025688073394495416,
            0.0373394495412844,
            0.0008256880733944953,
            "c",
            0.04211009174311926,
            -0.006788990825688073,
            0.07339449541284404,
            -0.011743119266055046,
            0.11238532110091744,
            -0.019908256880733943,
            "c",
            0.01073394495412844,
            -0.0022935779816513763,
            0.023669724770642202,
            -0.004036697247706422,
            0.03458715596330275,
            -0.0021100917431192663
        ],
        [
            "M",
            0.18853211009174312,
            0.5328440366972477,
            "c",
            0.010183486238532111,
            0.003119266055045872,
            0.023669724770642202,
            0.0007339449541284404,
            0.034128440366972476,
            0,
            "c",
            0.041100917431192666,
            -0.003027522935779817,
            0.06403669724770643,
            -0.0076146788990825685,
            0.11220183486238533,
            -0.015229357798165137,
            "c",
            0.012660550458715595,
            -0.002018348623853211,
            0.01834862385321101,
            -0.001834862385321101,
            0.032844036697247704,
            -0.001834862385321101
        ],
        [
            "M",
            0.17440366972477064,
            0.6470642201834862,
            "c",
            0.006972477064220183,
            0.006788990825688073,
            0.008807339449541284,
            0.016972477064220184,
            0.01073394495412844,
            0.026055045871559632,
            "c",
            0.007064220183486239,
            0.03256880733944954,
            0.014954128440366971,
            0.08293577981651376,
            0.02220183486238532,
            0.12724770642201835,
            "c",
            0.001559633027522936,
            0.009724770642201836,
            0.003119266055045872,
            0.01908256880733945,
            0.0045871559633027525,
            0.027706422018348623
        ],
        [
            "M",
            0.19311926605504587,
            0.6573394495412844,
            "c",
            0.05770642201834862,
            -0.010458715596330274,
            0.09954128440366972,
            -0.017706422018348624,
            0.14678899082568808,
            -0.02522935779816514,
            "c",
            0.02651376146788991,
            -0.004220183486238533,
            0.04137614678899083,
            -0.0017431192660550458,
            0.035321100917431195,
            0.02743119266055046,
            "c",
            -0.006880733944954129,
            0.03311926605504587,
            -0.012477064220183487,
            0.06724770642201836,
            -0.025412844036697246,
            0.12128440366972477
        ],
        [
            "M",
            0.21908256880733945,
            0.8052293577981651,
            "c",
            0.03642201834862385,
            -0.003853211009174312,
            0.06798165137614678,
            -0.009357798165137614,
            0.11348623853211008,
            -0.014311926605504588,
            "c",
            0.009908256880733945,
            -0.0011009174311926604,
            0.02018348623853211,
            -0.0022935779816513763,
            0.031009174311926603,
            -0.003577981651376147
        ],
        [
            "M",
            0.4541284403669725,
            0.13779816513761467,
            "c",
            0.006238532110091744,
            0.006238532110091744,
            0.01,
            0.014954128440366971,
            0.01073394495412844,
            0.02743119266055046,
            "s",
            0.012477064220183487,
            0.1326605504587156,
            0.0181651376146789,
            0.1855045871559633,
            "c",
            0.001926605504587156,
            0.01798165137614679,
            0.0033027522935779813,
            0.030275229357798163,
            0.003577981651376147,
            0.03220183486238532
        ],
        [
            "M",
            0.47192660550458715,
            0.14788990825688075,
            "c",
            0.03495412844036697,
            -0.005045871559633028,
            0.19119266055045872,
            -0.02669724770642202,
            0.24247706422018347,
            -0.031926605504587154,
            "c",
            0.02944954128440367,
            -0.003027522935779817,
            0.04412844036697247,
            0.005688073394495413,
            0.040458715596330276,
            0.0355045871559633,
            "c",
            -0.007339449541284404,
            0.05871559633027523,
            -0.017064220183486238,
            0.11880733944954128,
            -0.02642201834862385,
            0.17889908256880735,
            "c",
            -0.0021100917431192663,
            0.013853211009174311,
            -0.004311926605504587,
            0.02330275229357798,
            -0.006330275229357797,
            0.03752293577981651
        ],
        [
            "M",
            0.4823853211009174,
            0.256605504587156,
            "c",
            0.08064220183486238,
            -0.012385321100917432,
            0.18844036697247707,
            -0.023853211009174313,
            0.2520183486238532,
            -0.027798165137614676
        ],
        [
            "M",
            0.4948623853211009,
            0.3656880733944954,
            "c",
            0.06357798165137614,
            -0.007889908256880733,
            0.13926605504587156,
            -0.015871559633027523,
            0.22110091743119267,
            -0.02128440366972477
        ],
        [
            "M",
            0.5330275229357798,
            0.3967889908256881,
            "c",
            0.0007339449541284404,
            0.008073394495412844,
            -0.001834862385321101,
            0.015871559633027523,
            -0.004954128440366972,
            0.023211009174311924,
            "c",
            -0.020917431192660547,
            0.04761467889908257,
            -0.06577981651376147,
            0.11541284403669724,
            -0.13944954128440365,
            0.17477064220183486
        ],
        [
            "M",
            0.5293577981651376,
            0.4756880733944954,
            "c",
            0.008532110091743119,
            0.003669724770642202,
            0.023027522935779813,
            0.002660550458715596,
            0.03577981651376147,
