{
    "kanji": "謄",
    "grade": 10,
    "jlpt": 1,
    "meanings": [
        "mimeograph",
        "copy"
    ],
    "kun": [
        "トウ"
    ],
    "on": [],
    "strokes": [
        [
            "M",
            0.17605504587155965,
            0.1856880733944954,
            "c",
            0.006697247706422018,
            0.006697247706422018,
            0.008899082568807339,
            0.01275229357798165,
            0.008990825688073394,
            0.02568807339449541,
            "c",
            0.003027522935779817,
            0.35284403669724773,
            -0.017339449541284403,
            0.5156880733944954,
            -0.0818348623853211,
            0.6316513761467889
        ],
        [
            "M",
            0.19403669724770642,
            0.19550458715596328,
            "c",
            0.041009174311926605,
            -0.009724770642201836,
            0.0955045871559633,
            -0.024587155963302753,
            0.10871559633027522,
            -0.027155963302752294,
            "c",
            0.015963302752293577,
            -0.0032110091743119264,
            0.030091743119266053,
            0.007155963302752294,
            0.030091743119266053,
            0.026788990825688072,
            "c",
            0,
            0.02963302752293578,
            0.00009174311926605505,
            0.4309174311926605,
            0.00009174311926605505,
            0.5990825688073395,
            "c",
            0,
            0.11568807339449541,
            -0.05082568807339449,
            0.03256880733944954,
            -0.06614678899082568,
            0.01871559633027523
        ],
        [
            "M",
            0.19633027522935778,
            0.3733944954128441,
            "c",
            0.04449541284403669,
            -0.005321100917431192,
            0.08458715596330275,
            -0.01330275229357798,
            0.12853211009174312,
            -0.01669724770642202
        ],
        [
            "M",
            0.18669724770642204,
            0.5472477064220184,
            "c",
            0.0426605504587156,
            -0.005963302752293578,
            0.0908256880733945,
            -0.011743119266055046,
            0.1351376146788991,
            -0.015596330275229357
        ],
        [
            "M",
            0.44972477064220184,
            0.17513761467889907,
            "c",
            0.01871559633027523,
            0.013761467889908258,
            0.048256880733944955,
            0.05669724770642202,
            0.052935779816513755,
            0.0781651376146789
        ],
        [
            "M",
            0.7594495412844037,
            0.14577981651376148,
            "c",
            0.0001834862385321101,
            0.0022935779816513763,
            0.0012844036697247708,
            0.006238532110091744,
            -0.0003669724770642202,
            0.009174311926605505,
            "c",
            -0.012568807339449543,
            0.022752293577981652,
            -0.02981651376146789,
            0.047981651376146794,
            -0.06669724770642202,
            0.0855045871559633
        ],
        [
            "M",
            0.4429357798165138,
            0.29908256880733947,
            "c",
            0.023761467889908256,
            0.003669724770642202,
            0.040458715596330276,
            0.0013761467889908255,
            0.05825688073394495,
            -0.0002752293577981651,
            "c",
            0.0653211009174312,
            -0.006055045871559634,
            0.17779816513761468,
            -0.019174311926605504,
            0.23394495412844038,
            -0.022110091743119266,
            "c",
            0.016146788990825688,
            -0.0008256880733944953,
            0.03357798165137615,
            -0.001559633027522936,
            0.04954128440366973,
            0.0021100917431192663
        ],
        [
            "M",
            0.3922018348623853,
            0.40724770642201835,
            "c",
            0.021743119266055048,
            0.007247706422018349,
            0.04990825688073395,
            0.004036697247706422,
            0.07220183486238532,
            0.0017431192660550458,
            "c",
            0.08908256880733946,
            -0.00908256880733945,
            0.23073394495412844,
            -0.023853211009174313,
            0.3313761467889908,
            -0.030458715596330274,
            "c",
            0.02192660550458716,
            -0.0014678899082568807,
            0.0426605504587156,
            -0.002477064220183486,
            0.06431192660550458,
            0.001834862385321101
        ],
        [
            "M",
            0.6128440366972476,
            0.12844036697247707,
            "c",
            0.005229357798165137,
            0.009174311926605505,
            0.0039449541284403665,
            0.023211009174311924,
            0.0011009174311926604,
            0.035229357798165134,
            "C",
            0.5779816513761468,
            0.3165137614678899,
            0.518348623853211,
            0.46559633027522934,
            0.3967889908256881,
            0.578348623853211
        ],
        [
            "M",
            0.6284403669724771,
            0.3256880733944954,
            "c",
            0.01724770642201835,
            0.003853211009174312,
            0.13009174311926605,
            0.11302752293577982,
            0.1889908256880734,
            0.1642201834862385,
            "c",
            0.018073394495412842,
            0.015688073394495412,
            0.035871559633027524,
            0.027889908256880733,
            0.056422018348623856,
            0.03990825688073394
        ],
        [
            "M",
            0.5839449541284404,
            0.44036697247706424,
            "c",
            0.02,
            0.009724770642201836,
            0.051559633027522936,
            0.03990825688073394,
            0.05651376146788991,
            0.05504587155963303
        ],
        [
            "M",
            0.4758715596330275,
            0.5397247706422018,
            "c",
            0.016788990825688074,
            0.005688073394495413,
            0.039449541284403665,
            0.001926605504587156,
            0.056330275229357796,
            0,
            "c",
            0.06275229357798165,
            -0.006880733944954129,
            0.138348623853211,
            -0.017339449541284403,
            0.19018348623853212,
            -0.020917431192660547,
            "c",
            0.01688073394495413,
            -0.0011926605504587156,
            0.034678899082568805,
            -0.0023853211009174312,
            0.05137614678899082,
            0.0010091743119266055
        ],
        [
            "M",
            0.5181651376146789,
            0.6129357798165138,
            "c",
            0.011376146788990826,
            0.0033027522935779813,
            0.0263302752293578,
            0.0016513761467889907,
            0.037981651376146786,
            0.0003669724770642202,
            "c",
            0.05082568807339449,
            -0.005688073394495413,
            0.09229357798165139,
            -0.014036697247706422,
            0.13302752293577982,
            -0.017431192660550456,
            "c",
            0.014036697247706422,
            -0.0011926605504587156,
            0.02963302752293578,
            -0.002018348623853211,
            0.04357798165137615,
            0.00045871559633027525
        ],
        [
            "M",
            0.5188990825688073,
            0.6842201834862385,
            "c",
            0.010275229357798166,
            0.0032110091743119264,
            0.024128440366972478,
            0.0016513761467889907,
            0.03458715596330275,
            0,
            "c",
            0.04146788990825688,
            -0.006330275229357797,
            0.10211009174311927,
