{
    "kanji": "赴",
    "grade": 10,
    "jlpt": 1,
    "meanings": [
        "proceed",
        "get",
        "become",
        "tend"
    ],
    "kun": [
        "おもむ.く"
    ],
    "on": [
        "フ"
    ],
    "strokes": [
        [
            "M",
            0.20357798165137617,
            0.2520183486238532,
            "c",
            0.016605504587155963,
            0.0025688073394495416,
            0.03275229357798165,
            0.0023853211009174312,
            0.04761467889908257,
            0.0006422018348623854,
            "C",
            0.30605504587155963,
            0.24587155963302754,
            0.39266055045871556,
            0.22935779816513763,
            0.4451376146788991,
            0.22311926605504587,
            "c",
            0.015779816513761466,
            -0.001926605504587156,
            0.03055045871559633,
            -0.0034862385321100917,
            0.04623853211009174,
            0.00045871559633027525
        ],
        [
            "M",
            0.3451376146788991,
            0.1143119266055046,
            "c",
            0.008807339449541284,
            0.008807339449541284,
            0.01128440366972477,
            0.01871559633027523,
            0.01128440366972477,
            0.032844036697247704,
            "c",
            0,
            0.07458715596330276,
            -0.0008256880733944953,
            0.2001834862385321,
            -0.0008256880733944953,
            0.22550458715596328
        ],
        [
            "M",
            0.13036697247706422,
            0.4039449541284404,
            "c",
            0.020642201834862386,
            0.008073394495412844,
            0.04889908256880734,
            0.005688073394495413,
            0.07036697247706422,
            0.0021100917431192663,
            "c",
            0.09853211009174312,
            -0.016146788990825688,
            0.19715596330275229,
            -0.03220183486238532,
            0.28660550458715595,
            -0.04027522935779816,
            "c",
            0.0226605504587156,
            -0.002018348623853211,
            0.04596330275229358,
            -0.0022935779816513763,
            0.06798165137614678,
            0.0028440366972477065
        ],
        [
            "M",
            0.35128440366972474,
            0.41559633027522935,
            "c",
            0.0081651376146789,
            0.0081651376146789,
            0.010642201834862385,
            0.022477064220183487,
            0.010642201834862385,
            0.034770642201834866,
            "c",
            0,
            0.008807339449541284,
            -0.0006422018348623854,
            0.1848623853211009,
            -0.0006422018348623854,
            0.25256880733944953
        ],
        [
            "M",
            0.3699082568807339,
            0.5410091743119266,
            "c",
            0.03431192660550459,
            -0.004128440366972477,
            0.081651376146789,
            -0.016055045871559634,
            0.11201834862385322,
            -0.022110091743119266,
            "c",
            0.01165137614678899,
            -0.0022935779816513763,
            0.024128440366972478,
            -0.005321100917431192,
            0.03577981651376147,
            -0.0011926605504587156
        ],
        [
            "M",
            0.24311926605504589,
            0.5440366972477064,
            "c",
            0.0022935779816513763,
            0.007522935779816513,
            0.002201834862385321,
            0.017798165137614678,
            -0.0009174311926605505,
            0.02706422018348624,
            "C",
            0.22018348623853212,
            0.6376146788990825,
            0.1811926605504587,
            0.7224770642201835,
            0.09174311926605505,
            0.8280733944954128
        ],
        [
            "M",
            0.2194495412844037,
            0.6558715596330275,
            "c",
            0.09706422018348623,
            0.0344954128440367,
            0.3553211009174312,
            0.1610091743119266,
            0.4776146788990826,
            0.20495412844036698,
            "c",
            0.03669724770642202,
            0.013211009174311925,
            0.07724770642201835,
            0.02651376146788991,
            0.11614678899082569,
            0.030458715596330274
        ],
        [
            "M",
            0.6536697247706422,
            0.11816513761467891,
            "c",
            0.012018348623853212,
            0.012018348623853212,
            0.012844036697247705,
            0.024036697247706424,
            0.012844036697247705,
            0.03752293577981651,
            "c",
            0,
            0.005963302752293578,
            0.0005504587155963302,
            0.37623853211009173,
            0.0003669724770642202,
            0.5460550458715596,
            "c",
            0,
            0.031376146788990825,
            0,
            0.055963302752293574,
            0,
            0.07009174311926605
        ],
        [
            "M",
            0.7018348623853211,
            0.3497247706422018,
            "c",
            0.05825688073394495,
            0.02568807339449541,
            0.14981651376146787,
            0.09412844036697247,
            0.1651376146788991,
            0.1456880733944954
        ]
    ],
    "words": [
        {
            "word": [
                [
                    "赴",
                    "おもむ"
                ],
                [
                    "く",
                    null
                ]
            ],
            "common": true,
            "jlpt": 1,
            "meanings": [
                {
                    "type": "Godan verb with 'ku' ending, Intransitive verb",
                    "meaning": "1. to go in the direction of; to proceed toward; to proceed according to; to repair to; to betake oneself to "
                },
                {
                    "type": "Godan verb with 'ku' ending, Intransitive verb",
                    "meaning": "2. to become; to face (facts, circumstances, etc.) "
                },
                {
                    "type": "Godan verb with 'ku' ending, Intransitive verb",
                    "meaning": "3. to abide by; to agree to; to consent to; to obey Archaic"
                },
                {
                    "type": "Other forms",
                    "meaning": "赴く 【おもぶく】、趣く 【おもむく】、趣く 【おもぶく】、趨く 【おもむく】、趨く 【おもぶく】"
                },
                {
                    "type": "Godan verb with 'ku' ending, Intransitive verb",
                    "meaning": "1. to go in the direction of; to proceed toward; to proceed according to; to repair to; to betake oneself to "
                },
                {
                    "type": "Godan verb with 'ku' ending, Intransitive verb",
                    "meaning": "2. to become; to face (facts, circumstances, etc.) "
                },
                {
                    "type": "Godan verb with 'ku' ending, Intransitive verb",
                    "meaning": "3. to abide by; to agree to; to consent to; to obey Archaic"
                },
                {
                    "type": "Other forms",
                    "meaning": "赴く 【おもぶく】、趣く 【おもむく】、趣く 【おもぶく】、趨く 【おもむく】、趨く 【おもぶく】"
                }
            ],
            "sentences": []
        },
        {
            "word": [
                [
                    "赴",
                    "ふ"
                ],
                [
                    "任",
                    "にん"
                ]
            ],
            "common": true,
            "jlpt": 1,
            "meanings": [
                {
                    "type": "Noun, Suru verb, Intransitive verb",