{
    "kanji": "迅",
    "grade": 8,
    "jlpt": 1,
    "frequency": 1888,
    "meanings": [
        "swift",
        "fast"
    ],
    "kun": [
        "ジン"
    ],
    "on": [],
    "strokes": [
        [
            "M",
            0.4036697247706422,
            0.2024770642201835,
            "c",
            0.020642201834862386,
            0.007064220183486239,
            0.03963302752293578,
            0.006146788990825688,
            0.06055045871559633,
            0.0021100917431192663,
            "c",
            0.10577981651376146,
            -0.02,
            0.14357798165137614,
            -0.031467889908256885,
            0.1988073394495413,
            -0.04119266055045872,
            "c",
            0.038623853211009175,
            -0.006788990825688073,
            0.048715596330275224,
            0.0003669724770642202,
            0.04036697247706422,
            0.03963302752293578,
            "c",
            -0.038073394495412846,
            0.17825688073394494,
            -0.03155963302752293,
            0.3582568807339449,
            0.10990825688073395,
            0.476605504587156,
            "c",
            0.061467889908256884,
            0.05137614678899082,
            0.044954128440366975,
            0.0181651376146789,
            0.04688073394495413,
            -0.0326605504587156
        ],
        [
            "M",
            0.36926605504587157,
            0.4522935779816514,
            "c",
            0.020642201834862386,
            0.005229357798165137,
            0.040733944954128444,
            0.0032110091743119264,
            0.057431192660550454,
            0.0011009174311926604,
            "C",
            0.46926605504587154,
            0.4480733944954129,
            0.5229357798165137,
            0.43669724770642204,
            0.581651376146789,
            0.42825688073394497,
            "c",
            0.012293577981651376,
            -0.0017431192660550458,
            0.021559633027522937,
            -0.0039449541284403665,
            0.03302752293577982,
            -0.001559633027522936
        ],
        [
            "M",
            0.49137614678899083,
            0.2981651376146789,
            "c",
            0.00834862385321101,
            0.00834862385321101,
            0.010275229357798166,
            0.01834862385321101,
            0.010275229357798166,
            0.03211009174311927,
            "c",
            0,
            0.059908256880733944,
            0.0003669724770642202,
            0.24009174311926607,
            0.00045871559633027525,
            0.3348623853211009,
            "c",
            0.00009174311926605505,
            0.031192660550458714,
            0.00009174311926605505,
            0.05311926605504587,
            0.00009174311926605505,
            0.05853211009174312
        ],
        [
            "M",
            0.1922935779816514,
            0.17660550458715596,
            "c",
            0.03330275229357798,
            0.015963302752293577,
            0.08605504587155964,
            0.06577981651376147,
            0.09440366972477063,
            0.0906422018348624
        ],
        [
            "M",
            0.11926605504587157,
            0.46559633027522934,
            "c",
            0.020642201834862386,
            0.009174311926605505,
            0.039174311926605504,
            0.003027522935779817,
            0.0481651376146789,
            0,
            "c",
            0.04128440366972477,
            -0.013761467889908258,
            0.07853211009174313,
            -0.028440366972477066,
            0.09174311926605505,
            -0.034403669724770644,
            "c",
            0.022935779816513763,
            -0.010275229357798166,
            0.03669724770642202,
            0.0034862385321100917,
            0.02522935779816514,
            0.02522935779816514,
            "c",
            -0.0673394495412844,
            0.12798165137614678,
            -0.06651376146788991,
            0.0779816513761468,
            0.0022935779816513763,
            0.17660550458715596,
            "c",
            0.008807339449541284,
            0.012660550458715595,
            0.006880733944954129,
            0.02522935779816514,
            -0.006880733944954129,
            0.03669724770642202,
            "s",
            -0.05045871559633028,
            0.045871559633027525,
            -0.08486238532110092,
            0.07110091743119266
        ],
        [
            "M",
            0.13990825688073394,
            0.7637614678899083,
            "c",
            0.027522935779816515,
            -0.0045871559633027525,
            0.1026605504587156,
            -0.008623853211009174,
            0.1444954128440367,
            -0.0022935779816513763,
            "c",
            0.06073394495412844,
            0.009174311926605505,
            0.25522935779816514,
            0.06385321100917431,
            0.2958715596330275,
            0.07568807339449542,
            "c",
            0.11009174311926606,
            0.03211009174311927,
            0.1444954128440367,
            0.0389908256880734,
            0.23853211009174313,
            0.045871559633027525
        ]
    ],
    "words": [
        {
            "word": [
                [
                    "迅",
                    "じん"
                ],
                [
                    "速",
                    "そく"
                ]
            ],
            "common": true,
            "jlpt": 1,
            "meanings": [
                {
                    "type": "Na-adjective (keiyodoshi), Noun",
                    "meaning": "1. quick; fast; rapid; swift; prompt; streamlined; expedited; expeditious "
                },
                {
                    "type": "Na-adjective (keiyodoshi), Noun",
                    "meaning": "1. quick; fast; rapid; swift; prompt; streamlined; expedited; expeditious "
                }
            ],
            "sentences": []
        },
        {
            "word": [
                [
                    "迅",
                    "じん"
                ],
                [
                    "雷",
                    "らい"
                ]
            ],
            "common": false,
            "jlpt": null,
            "meanings": [
                {
                    "type": "Noun",
                    "meaning": "1. sudden peal of thunder; thunderclap Formal or literary term"
                },
                {
                    "type": "Wikipedia definition",
                    "meaning": "2. Xunlei Xunlei is a download manager developed by Thunder Network... Read more"
                },
                {
                    "type": "Noun",
                    "meaning": "1. sudden peal of thunder; thunderclap Formal or literary term"
                },
                {
                    "type": "Wikipedia definition",
                    "meaning": "2. Xunlei Xunlei is a download manager developed by Thunder Network... Read more"
                }
            ],
            "sentences": []
        },
        {
            "word": [
                [
                    "迅",
                    "じん"
                ],
                [
                    "速",
                    "そく"
                ],
                [
                    "果",
                    "か"
                ],
                [
                    "敢",
                    "かん"
                ]
            ],
            "common": false,
            "jlpt": null,
            "meanings": [
                {
                    "type": "Noun, Na-adjective (keiyodoshi)",
                    "meaning": "1. quick and decisive; fast and daring; swift and resolute Yojijukugo (four character compound)"
                },
                {
                    "type": "Noun, Na-adjective (keiyodoshi)",