{
    "kanji": "迭",
    "grade": 10,
    "jlpt": 1,
    "meanings": [
        "transfer",
        "alternation"
    ],
    "kun": [
        "テツ"
    ],
    "on": [],
    "strokes": [
        [
            "M",
            0.48844036697247706,
            0.20614678899082567,
            "c",
            0.0002752293577981651,
            0.005412844036697248,
            -0.0006422018348623854,
            0.014311926605504588,
            -0.0028440366972477065,
            0.02192660550458716,
            "c",
            -0.017614678899082567,
            0.05862385321100917,
            -0.04862385321100917,
            0.14009174311926606,
            -0.10440366972477065,
            0.2118348623853211
        ],
        [
            "M",
            0.48183486238532114,
            0.32706422018348624,
            "c",
            0.012844036697247705,
            0.002660550458715596,
            0.027339449541284404,
            0.001559633027522936,
            0.04018348623853211,
            0.0001834862385321101,
            "c",
            0.047706422018348627,
            -0.005229357798165137,
            0.13394495412844037,
            -0.02330275229357798,
            0.19688073394495414,
            -0.037981651376146786,
            "c",
            0.021009174311926605,
            -0.004862385321100918,
            0.04376146788990825,
            -0.007155963302752294,
            0.06541284403669724,
            -0.0032110091743119264
        ],
        [
            "M",
            0.37981651376146786,
            0.5053211009174312,
            "c",
            0.025045871559633028,
            0.006146788990825688,
            0.05311926605504587,
            0.004311926605504587,
            0.0710091743119266,
            0.001559633027522936,
            "c",
            0.09045871559633027,
            -0.013761467889908258,
            0.2601834862385321,
            -0.029541284403669727,
            0.34284403669724767,
            -0.03422018348623853,
            "c",
            0.018256880733944953,
            -0.0010091743119266055,
            0.04146788990825688,
            -0.0010091743119266055,
            0.058990825688073394,
            0.004495412844036697
        ],
        [
            "M",
            0.6025688073394496,
            0.11926605504587157,
            "c",
            0.007522935779816513,
            0.006880733944954129,
            0.00963302752293578,
            0.016055045871559634,
            0.00963302752293578,
            0.031743119266055046,
            "c",
            0,
            0.3358715596330275,
            -0.007889908256880733,
            0.4567889908256881,
            -0.2053211009174312,
            0.5806422018348624
        ],
        [
            "M",
            0.6130275229357798,
            0.5398165137614679,
            "c",
            0.08192660550458715,
            0.0436697247706422,
            0.1655045871559633,
            0.13541284403669723,
            0.19972477064220184,
            0.1806422018348624
        ],
        [
            "M",
            0.18770642201834864,
            0.18917431192660553,
            "c",
            0.03577981651376147,
            0.013761467889908258,
            0.09238532110091743,
            0.056605504587155964,
            0.10128440366972476,
            0.07807339449541284
        ],
        [
            "M",
            0.11926605504587157,
            0.46788990825688076,
            "c",
            0.020642201834862386,
            0.0045871559633027525,
            0.03669724770642202,
            0,
            0.045871559633027525,
            -0.0022935779816513763,
            "s",
            0.08486238532110092,
            -0.03211009174311927,
            0.09862385321100918,
            -0.03669724770642202,
            "C",
            0.28440366972477066,
            0.42201834862385323,
            0.2941284403669725,
            0.43311926605504586,
            0.28440366972477066,
            0.4518348623853211,
            "c",
            -0.06422018348623854,
            0.12385321100917432,
            -0.06651376146788991,
            0.09174311926605505,
            -0.0022935779816513763,
            0.1743119266055046,
            "c",
            0.00944954128440367,
            0.012110091743119267,
            0.009174311926605505,
            0.02522935779816514,
            -0.0045871559633027525,
            0.03669724770642202,
            "s",
            -0.06990825688073395,
            0.06073394495412844,
            -0.09862385321100918,
            0.08256880733944955
        ],
        [
            "M",
            0.13990825688073394,
            0.7568807339449541,
            "c",
            0.031009174311926603,
            -0.008073394495412844,
            0.09577981651376147,
            -0.01073394495412844,
            0.13761467889908258,
            -0.0045871559633027525,
            "c",
            0.04697247706422018,
            0.006880733944954129,
            0.2621100917431193,
            0.06844036697247706,
            0.30275229357798167,
            0.08027522935779817,
            "c",
            0.11009174311926606,
            0.03211009174311927,
            0.16403669724770642,
            0.04018348623853211,
            0.23623853211009174,
            0.04357798165137615
        ]
    ],
    "words": [
        {
            "word": [
                [
                    "迭",
                    "てつ"
                ],
                [
                    "立",
                    "りつ"
                ]
            ],
            "common": false,
            "jlpt": null,
            "meanings": [
                {
                    "type": "Noun",
                    "meaning": "1. alternate succession (e.g. to throne) "
                },
                {
                    "type": "Noun",
                    "meaning": "1. alternate succession (e.g. to throne) "
                }
            ],
            "sentences": []
        },
        {
            "word": [
                "迭子",
                "てつこ"
            ],
            "common": false,
            "jlpt": null,
            "meanings": [
                {
                    "type": "Female given name",
                    "meaning": "1. Tetsuko "
                }
            ],
            "sentences": []
        },
        {
            "word": [
                [
                    "更",
                    "こう"
                ],
                [
                    "迭",
                    "てつ"
                ]
            ],
            "common": true,
            "jlpt": null,
            "meanings": [
                {
                    "type": "Noun, Suru verb, Transitive verb, Intransitive verb",
                    "meaning": "1. change (of personnel); reshuffle (e.g. of a cabinet); shake-up; dismissal (e.g. of a minister); replacement "
                }
            ],
            "sentences": []
        },
        {
            "word": [
                [
                    "迷",
                    "まんねんろう"
                ],
                [
                    "迭",
                    null
                ],
                [
                    "香",
                    null
                ]
            ],
            "common": false,
            "jlpt": null,
            "meanings": [
                {
                    "type": "Noun",
                    "meaning": "1. rosemary Usually written using kana alone"
                },
                {
                    "type": "Other forms",
                    "meaning": "マンネンロウ"
                }
            ],
            "sentences": []
        }
    ]
}