{
    "kanji": "邸",
    "grade": 10,
    "jlpt": 1,
    "meanings": [
        "residence",
        "mansion"
    ],
    "kun": [
        "やしき"
    ],
    "on": [
        "テイ"
    ],
    "strokes": [
        [
            "M",
            0.381559633027523,
            0.13862385321100917,
            "c",
            0.0014678899082568807,
            0.0076146788990825685,
            -0.003119266055045872,
            0.016055045871559634,
            -0.00944954128440367,
            0.021192660550458715,
            "c",
            -0.03605504587155964,
            0.02944954128440367,
            -0.08908256880733946,
            0.06394495412844037,
            -0.19834862385321103,
            0.11816513761467891
        ],
        [
            "M",
            0.15137614678899083,
            0.2701834862385321,
            "c",
            0.01,
            0.01,
            0.012110091743119267,
            0.02128440366972477,
            0.012110091743119267,
            0.03935779816513762,
            "c",
            0,
            0.018073394495412842,
            0.0002752293577981651,
            0.3320183486238532,
            0.0002752293577981651,
            0.3601834862385321,
            "c",
            0,
            0.028165137614678898,
            0.0045871559633027525,
            0.03128440366972477,
            0.028899082568807338,
            0.016055045871559634,
            "c",
            0.04935779816513761,
            -0.031009174311926603,
            0.11009174311926606,
            -0.06990825688073395,
            0.1396330275229358,
            -0.08926605504587157
        ],
        [
            "M",
            0.17311926605504588,
            0.42743119266055046,
            "c",
            0.004862385321100918,
            0.0013761467889908255,
            0.013853211009174311,
            -0.0010091743119266055,
            0.01862385321100917,
            -0.001926605504587156,
            "c",
            0.061192660550458716,
            -0.011467889908256881,
            0.17055045871559632,
            -0.033211009174311926,
            0.23944954128440368,
            -0.046055045871559626,
            "c",
            0.016422018348623852,
            -0.003027522935779817,
            0.03165137614678899,
            -0.006880733944954129,
            0.0481651376146789,
            -0.004128440366972477
        ],
        [
            "M",
            0.31422018348623854,
            0.23917431192660552,
            "c",
            0.007706422018348624,
            0.007706422018348624,
            0.010458715596330274,
            0.01651376146788991,
            0.011467889908256881,
            0.027522935779816515,
            "C",
            0.3394495412844037,
            0.42201834862385323,
            0.39192660550458713,
            0.6253211009174312,
            0.4970642201834862,
            0.7180733944954129,
            "c",
            0.03880733944954129,
            0.03422018348623853,
            0.025596330275229357,
            -0.024587155963302753,
            0.025596330275229357,
            -0.04568807339449542
        ],
        [
            "M",
            0.17513761467889907,
            0.8275229357798165,
            "c",
            0.015229357798165137,
            0.006146788990825688,
            0.03293577981651376,
            0.002477064220183486,
            0.048532110091743116,
            0.0006422018348623854,
            "c",
            0.04963302752293578,
            -0.005871559633027523,
            0.1375229357798165,
            -0.016972477064220184,
            0.18908256880733945,
            -0.019174311926605504,
            "c",
            0.015504587155963302,
            -0.0006422018348623854,
            0.03155963302752293,
            -0.0011009174311926604,
            0.046697247706422015,
            0.0025688073394495416
        ],
        [
            "M",
            0.5841284403669725,
            0.2079816513761468,
            "c",
            0.01110091743119266,
            0.003027522935779817,
            0.021192660550458715,
            0.004954128440366972,
            0.031192660550458714,
            0.004036697247706422,
            "c",
            0.04412844036697247,
            -0.004403669724770642,
            0.11981651376146789,
            -0.021559633027522937,
            0.16834862385321103,
            -0.036146788990825685,
            "c",
            0.027798165137614676,
            -0.00834862385321101,
            0.042844036697247706,
            0.015596330275229357,
            0.031376146788990825,
            0.03743119266055046,
            "c",
            -0.016788990825688074,
            0.03211009174311927,
            -0.06495412844036698,
            0.12036697247706421,
            -0.09247706422018348,
            0.1651376146788991
        ],
        [
            "M",
            0.7201834862385321,
            0.3830275229357798,
            "c",
            0.15825688073394495,
            0.11467889908256881,
            0.1720183486238532,
            0.3738532110091743,
            0.02963302752293578,
            0.3065137614678899
        ],
        [
            "M",
            0.6085321100917431,
            0.22018348623853212,
            "c",
            0.01110091743119266,
            0.01110091743119266,
            0.012110091743119267,
            0.022935779816513763,
            0.012110091743119267,
            0.0389908256880734,
            "c",
            0,
            0.11128440366972478,
            0.0007339449541284404,
            0.481651376146789,
            0.0007339449541284404,
            0.5527522935779816,
            "c",
            0,
            0.03935779816513762,
            -0.0005504587155963302,
            0.061834862385321106,
            -0.0009174311926605505,
            0.07229357798165137
        ]
    ],
    "words": [
        {
            "word": [
                [
                    "屋",
                    "や"
                ],
                [
                    "敷",
                    "しき"
                ]
            ],
            "common": true,
            "jlpt": 1,
            "meanings": [
                {
                    "type": "Noun",
                    "meaning": "1. residence; estate; grounds; premises; mansion "
                },
                {
                    "type": "Other forms",
                    "meaning": "邸 【やしき】"
                },
                {
                    "type": "Noun",
                    "meaning": "1. residence; estate; grounds; premises; mansion "
                },
                {
                    "type": "Other forms",
                    "meaning": "邸 【やしき】"
                }
            ],
            "sentences": []
        },
        {
            "word": [
                [
                    "邸",
                    "てい"
                ]
            ],
            "common": false,
            "jlpt": null,
            "meanings": [
                {
                    "type": "Noun, used as a suffix, Noun",
                    "meaning": "1. residence; mansion Honorific or respectful (sonkeigo) language, usu. after a family name"
                },
                {
                    "type": "Noun, used as a suffix, Noun",
                    "meaning": "1. residence; mansion Honorific or respectful (sonkeigo) language, usu. after a family name"
                }
            ],
            "sentences": []
        },
        {
            "word": [
                [
                    "邸",
                    "てい"
                ],
                [
                    "宅",
                    "たく"
                ]
            ],
            "common": true,
            "jlpt": 1,
            "meanings": [
                {
                    "type": "Noun",