{
    "kanji": "陛",
    "grade": 6,
    "jlpt": 1,
    "frequency": 1429,
    "meanings": [
        "highness",
        "steps (of throne)"
    ],
    "kun": [
        "ヘイ"
    ],
    "on": [],
    "strokes": [
        [
            "M",
            0.1598165137614679,
            0.2028440366972477,
            "c",
            0.01330275229357798,
            0.005871559633027523,
            0.028623853211009177,
            0.008256880733944955,
            0.037614678899082564,
            0.006697247706422018,
            "c",
            0.037981651376146786,
            -0.006697247706422018,
            0.0944954128440367,
            -0.020366972477064222,
            0.1144954128440367,
            -0.02706422018348624,
            "c",
            0.024770642201834864,
            -0.00834862385321101,
            0.037981651376146786,
            0.010642201834862385,
            0.026972477064220183,
            0.03,
            "c",
            -0.011009174311926604,
            0.019357798165137614,
            -0.0691743119266055,
            0.11357798165137616,
            -0.08844036697247706,
            0.14128440366972478
        ],
        [
            "M",
            0.25045871559633026,
            0.35385321100917433,
            "C",
            0.3796330275229358,
            0.4362385321100917,
            0.3577981651376147,
            0.6467889908256881,
            0.2711009174311927,
            0.578440366972477
        ],
        [
            "M",
            0.17311926605504588,
            0.21100917431192662,
            "c",
            0.008073394495412844,
            0.008073394495412844,
            0.01110091743119266,
            0.0218348623853211,
            0.01110091743119266,
            0.034403669724770644,
            "c",
            0,
            0.0363302752293578,
            0.0001834862385321101,
            0.42201834862385323,
            0.0002752293577981651,
            0.5814678899082569,
            "c",
            0,
            0.032018348623853214,
            0,
            0.05467889908256881,
            0,
            0.06311926605504586
        ],
        [
            "M",
            0.46348623853211013,
            0.2798165137614679,
            "c",
            0.027981651376146787,
            -0.006880733944954129,
            0.0808256880733945,
            -0.022935779816513763,
            0.11192660550458715,
            -0.02981651376146789,
            "c",
            0.009174311926605505,
            -0.002018348623853211,
            0.020917431192660547,
            -0.0022935779816513763,
            0.027155963302752294,
            0
        ],
        [
            "M",
            0.44036697247706424,
            0.13660550458715598,
            "c",
            0.007339449541284404,
            0.007339449541284404,
            0.011559633027522935,
            0.024587155963302753,
            0.011559633027522935,
            0.03688073394495413,
            "c",
            0,
            0.011467889908256881,
            0.0002752293577981651,
            0.1922935779816514,
            0.0003669724770642202,
            0.2485321100917431,
            "c",
            0,
            0.031376146788990825,
            0.003027522935779817,
            0.048348623853211,
            0.03990825688073394,
            0.027798165137614676,
            "c",
            0.04440366972477064,
            -0.024678899082568807,
            0.0663302752293578,
            -0.034678899082568805,
            0.10192660550458715,
            -0.05302752293577982
        ],
        [
            "M",
            0.82,
            0.18715596330275228,
            "c",
            0,
            0.010091743119266056,
            -0.006972477064220183,
            0.01981651376146789,
            -0.01128440366972477,
            0.024036697247706424,
            "c",
            -0.027706422018348623,
            0.026788990825688072,
            -0.0663302752293578,
            0.05587155963302752,
            -0.13110091743119265,
            0.08862385321100917
        ],
        [
            "M",
            0.653394495412844,
            0.11697247706422019,
            "c",
            0.0076146788990825685,
            0.0076146788990825685,
            0.010550458715596329,
            0.01724770642201835,
            0.010550458715596329,
            0.028990825688073395,
            "c",
            0,
            0.046697247706422015,
            0.001926605504587156,
            0.20293577981651378,
            0.001926605504587156,
            0.22449541284403668,
            "c",
            0,
            0.07568807339449542,
            0.011834862385321101,
            0.08440366972477063,
            0.10376146788990827,
            0.08440366972477063,
            "c",
            0.08467889908256881,
            0,
            0.09339449541284403,
            -0.005321100917431192,
            0.09339449541284403,
            -0.0698165137614679
        ],
        [
            "M",
            0.41633027522935784,
            0.6621100917431193,
            "c",
            0.01889908256880734,
            0.007339449541284404,
            0.04577981651376147,
            0.004403669724770642,
            0.0653211009174312,
            0.0017431192660550458,
            "c",
            0.08174311926605504,
            -0.01091743119266055,
            0.18743119266055044,
            -0.02596330275229358,
            0.26724770642201834,
            -0.03220183486238532,
            "c",
            0.017798165137614678,
            -0.0013761467889908255,
            0.037706422018348625,
            -0.0022935779816513763,
            0.05504587155963303,
            0.001834862385321101
        ],
        [
            "M",
            0.6070642201834863,
            0.5125688073394495,
            "c",
            0.009541284403669725,
            0.009541284403669725,
            0.01165137614678899,
            0.024128440366972478,
            0.01165137614678899,
            0.037981651376146786,
            "c",
            0,
            0.05504587155963303,
            -0.0006422018348623854,
            0.22018348623853212,
            -0.0006422018348623854,
            0.2786238532110092
        ],
        [
            "M",
            0.3475229357798165,
            0.8539449541284404,
            "c",
            0.02165137614678899,
            0.007706422018348624,
            0.05192660550458716,
            0.005871559633027523,
            0.07440366972477064,
            0.004036697247706422,
            "C",
            0.546605504587156,
            0.8475229357798165,
            0.6917431192660551,
            0.8327522935779816,
            0.8073394495412844,
            0.8266055045871559,
            "c",
            0.027981651376146787,
            -0.0014678899082568807,
            0.051834862385321104,
            0.0010091743119266055,
            0.07917431192660551,
            0.006788990825688073
        ]
    ],
    "words": [
        {
            "word": [
                [
                    "陛",
                    "へい"
                ],
                [
                    "下",
                    "か"
                ]
            ],
            "common": true,
            "jlpt": null,
            "meanings": [
                {
                    "type": "Pronoun, Noun, used as a suffix",
                    "meaning": "1. Your Majesty; His Majesty; Her Majesty Honorific or respectful (sonkeigo) language"
                },
                {
                    "type": "Wikipedia definition",
                    "meaning": "2. Majesty Majesty is an English word derived ultimately from the La... Read more"
                },
                {
                    "type": "Pronoun, Noun, used as a suffix",