{
    "kanji": "雰",
    "grade": 8,
    "jlpt": 1,
    "frequency": 1341,
    "meanings": [
        "atmosphere",
        "fog"
    ],
    "kun": [
        "フン"
    ],
    "on": [],
    "strokes": [
        [
            "M",
            0.29642201834862386,
            0.1296330275229358,
            "c",
            0.02348623853211009,
            0.006788990825688073,
            0.044954128440366975,
            0.005504587155963302,
            0.0673394495412844,
            0.002752293577981651,
            "c",
            0.056330275229357796,
            -0.007064220183486239,
            0.16807339449541284,
            -0.01853211009174312,
            0.2601834862385321,
            -0.024495412844036696,
            "c",
            0.02128440366972477,
            -0.0013761467889908255,
            0.04275229357798165,
            -0.003119266055045872,
            0.06394495412844037,
            -0.0001834862385321101
        ],
        [
            "M",
            0.1918348623853211,
            0.22403669724770645,
            "c",
            -0.0029357798165137615,
            0.05027522935779817,
            -0.030091743119266053,
            0.11660550458715598,
            -0.04779816513761468,
            0.15678899082568806
        ],
        [
            "M",
            0.19825688073394496,
            0.24504587155963303,
            "c",
            0.19504587155963304,
            -0.016788990825688074,
            0.4696330275229358,
            -0.04504587155963303,
            0.6154128440366973,
            -0.04504587155963303,
            "c",
            0.07541284403669725,
            0,
            0.03256880733944954,
            0.0408256880733945,
            -0.011743119266055046,
            0.07504587155963302
        ],
        [
            "M",
            0.48449541284403674,
            0.14880733944954128,
            "c",
            0.010183486238532111,
            0.010183486238532111,
            0.012385321100917432,
            0.023211009174311924,
            0.012385321100917432,
            0.036513761467889906,
            "c",
            0,
            0.0032110091743119264,
            -0.0001834862385321101,
            0.09825688073394497,
            -0.0002752293577981651,
            0.1656880733944954,
            "c",
            0,
            0.027614678899082565,
            -0.00009174311926605505,
            0.048348623853211,
            -0.00009174311926605505,
            0.05192660550458716
        ],
        [
            "M",
            0.2889908256880734,
            0.2958715596330275,
            "c",
            0.03541284403669725,
            0.0074311926605504595,
            0.08357798165137614,
            0.029541284403669727,
            0.10293577981651376,
            0.041926605504587156
        ],
        [
            "M",
            0.26256880733944954,
            0.38183486238532105,
            "c",
            0.03311926605504587,
            0.007981651376146788,
            0.08440366972477063,
            0.0373394495412844,
            0.10247706422018349,
            0.050733944954128446
        ],
        [
            "M",
            0.5976146788990826,
            0.275045871559633,
            "c",
            0.04091743119266055,
            0.011743119266055046,
            0.0873394495412844,
            0.035321100917431195,
            0.10376146788990827,
            0.04513761467889908
        ],
        [
            "M",
            0.5937614678899082,
            0.37944954128440367,
            "c",
            0.036788990825688074,
            0.008899082568807339,
            0.08697247706422019,
            0.035596330275229356,
            0.10706422018348624,
            0.050366972477064224
        ],
        [
            "M",
            0.4029357798165138,
            0.4905504587155963,
            "c",
            0,
            0.01275229357798165,
            -0.006146788990825688,
            0.020550458715596333,
            -0.014403669724770642,
            0.02963302752293578,
            "C",
            0.33908256880733945,
            0.5744036697247706,
            0.2328440366972477,
            0.643302752293578,
            0.13761467889908258,
            0.6707339449541284
        ],
        [
            "M",
            0.501743119266055,
            0.45871559633027525,
            "c",
            0.07963302752293577,
            0.010275229357798166,
            0.19660550458715595,
            0.12844036697247707,
            0.28550458715596333,
            0.17477064220183486,
            "c",
            0.031467889908256885,
            0.016422018348623852,
            0.041834862385321095,
            0.021376146788990826,
            0.07743119266055046,
            0.02963302752293578
        ],
        [
            "M",
            0.2784403669724771,
            0.6606422018348624,
            "c",
            0.025412844036697246,
            0.007889908256880733,
            0.04596330275229358,
            0.00963302752293578,
            0.07119266055045871,
            0.005688073394495413,
            "c",
            0.108348623853211,
            -0.017155963302752295,
            0.22944954128440367,
            -0.033486238532110094,
            0.28339449541284406,
            -0.0381651376146789,
            "c",
            0.027798165137614676,
            -0.002477064220183486,
            0.04724770642201835,
            0.005596330275229358,
            0.04238532110091743,
            0.03706422018348624,
            "c",
            -0.006422018348623853,
            0.041100917431192666,
            -0.03431192660550459,
            0.15339449541284403,
            -0.07229357798165137,
            0.20275229357798166,
            "c",
            -0.03779816513761468,
            0.049174311926605506,
            -0.04119266055045872,
            0.04256880733944954,
            -0.0673394495412844,
            -0.0025688073394495416
        ],
        [
            "M",
            0.45192660550458713,
            0.6810091743119266,
            "c",
            0.0012844036697247708,
            0.010091743119266056,
            0.00009174311926605505,
            0.017614678899082567,
            -0.004403669724770642,
            0.02669724770642202,
            "c",
            -0.037614678899082564,
            0.07513761467889908,
            -0.09385321100917432,
            0.13403669724770642,
            -0.21357798165137615,
            0.19577981651376147
        ]
    ],
    "words": [
        {
            "word": [
                [
                    "雰",
                    "ふん"
                ],
                [
                    "囲",
                    "い"
                ],
                [
                    "気",
                    "き"
                ]
            ],
            "common": true,
            "jlpt": 3,
            "meanings": [
                {
                    "type": "Noun",
                    "meaning": "1. atmosphere; mood; ambience; ambiance; aura; feel often spoken as ふいんき"
                },
                {
                    "type": "Noun",
                    "meaning": "2. a certain air; presence; special aura; something (about someone) "
                },
                {
                    "type": "Noun",
                    "meaning": "3. (Earth's) atmosphere Obsolete term, See also 大気"
                },
                {
                    "type": "Other forms",
                    "meaning": "雰囲気 【ふいんき】"
                },
                {
                    "type": "Notes",
                    "meaning": "ふいんき: Irregular kana usage."
                },
                {
                    "type": "Noun",